bird,session,cluster_id,shank,ml,ap,dv,avg_fr,sess_idx,n_ev,n_used,rm_rank,shank_name,bird_shank,bird_session,shank_ap,label
RBY94,241125,76,-1,,,,0.10470593419618364,0,1396,1360,,?,RBY94 ?,RBY94 241125,,
RBY94,241125,81,-1,,,,0.16220393426770865,0,1396,1095,,?,RBY94 ?,RBY94 241125,,
RBY94,241125,106,-1,,,,2.473767959121215,0,1396,1396,,?,RBY94 ?,RBY94 241125,,
RBY94,241125,111,-1,,,,0.32160969270776063,0,1396,1396,,?,RBY94 ?,RBY94 241125,,
RBY94,241125,112,-1,,,,0.735017605309934,0,1396,1393,,?,RBY94 ?,RBY94 241125,,
RBY94,241125,127,-1,,,,1.5421559359843084,0,1396,1396,,?,RBY94 ?,RBY94 241125,,
RBY94,241125,132,-1,,,,33.87327234982917,0,1396,1396,,?,RBY94 ?,RBY94 241125,,
RBY94,241125,213,-1,,,,59.908583415182996,0,1396,1396,,?,RBY94 ?,RBY94 241125,,
RBY94,241125,217,-1,,,,4.199430071157972,0,1396,1396,,?,RBY94 ?,RBY94 241125,,
RBY94,241125,230,-1,,,,40.25744589623234,0,1396,1131,,?,RBY94 ?,RBY94 241125,,
RBY94,241125,255,-1,,,,1.774765584625313,0,1396,1396,,?,RBY94 ?,RBY94 241125,,
RBY94,241125,257,-1,,,,0.1945183518903239,0,1396,1343,,?,RBY94 ?,RBY94 241125,,
RBY94,241129,112,-1,,,,0.3469564001662563,1,1154,1154,,?,RBY94 ?,RBY94 241129,,
RBY94,241129,116,-1,,,,1.4817270370422866,1,1154,1154,,?,RBY94 ?,RBY94 241129,,
RBY94,241129,131,-1,,,,0.34618671626152464,1,1154,1154,,?,RBY94 ?,RBY94 241129,,
RBY94,241129,133,-1,,,,0.2452726043078193,1,1154,1154,,?,RBY94 ?,RBY94 241129,,
RBY94,241129,151,-1,,,,48.99328823092078,1,1154,1154,,?,RBY94 ?,RBY94 241129,,
RBY94,241129,154,-1,,,,1.1952335836143944,1,1154,1154,,?,RBY94 ?,RBY94 241129,,
RBY94,241129,155,-1,,,,0.3023147336918205,1,1154,1153,,?,RBY94 ?,RBY94 241129,,
RBY94,241129,159,-1,,,,1.8580169460222047,1,1154,1154,,?,RBY94 ?,RBY94 241129,,
RBY94,241129,161,-1,,,,1.728196927424133,1,1154,1154,,?,RBY94 ?,RBY94 241129,,
RBY94,241129,188,-1,,,,1.6673063785164735,1,1154,1154,,?,RBY94 ?,RBY94 241129,,
RBY94,241129,190,-1,,,,1.979113880366651,1,1154,1154,,?,RBY94 ?,RBY94 241129,,
RBY94,241129,232,-1,,,,4.1498790530114835,1,1154,1154,,?,RBY94 ?,RBY94 241129,,
RBY94,241129,235,-1,,,,2.749054346399879,1,1154,1154,,?,RBY94 ?,RBY94 241129,,
RBY94,241129,236,-1,,,,2.720832603226385,1,1154,1154,,?,RBY94 ?,RBY94 241129,,
RBY94,241129,254,-1,,,,0.21251827813979468,1,1154,1153,,?,RBY94 ?,RBY94 241129,,
RBY94,241129,257,-1,,,,5.52470554772993,1,1154,1154,,?,RBY94 ?,RBY94 241129,,
RBY94,241129,259,-1,,,,42.63458741219718,1,1154,1154,,?,RBY94 ?,RBY94 241129,,
RBY94,241129,269,-1,,,,3.5230142728244838,1,1154,1154,,?,RBY94 ?,RBY94 241129,,
RBY94,241129,310,-1,,,,27.93054609620371,1,1154,1154,,?,RBY94 ?,RBY94 241129,,
RBY94,241129,326,-1,,,,37.32590648039526,1,1154,1154,,?,RBY94 ?,RBY94 241129,,
RBY94,241129,327,-1,,,,0.9883596541092985,1,1154,1154,,?,RBY94 ?,RBY94 241129,,
RBY94,241129,344,-1,,,,0.23971377610697964,1,1154,1148,,?,RBY94 ?,RBY94 241129,,
RBY94,241129,348,-1,,,,3.324606866271435,1,1154,1154,,?,RBY94 ?,RBY94 241129,,
RBY94,241129,349,-1,,,,0.2158535750602985,1,1154,855,,?,RBY94 ?,RBY94 241129,,
RBY94,241129,352,-1,,,,1.59204839672049,1,1154,1154,,?,RBY94 ?,RBY94 241129,,
RBY94,241129,353,-1,,,,0.7220490230721474,1,1154,1154,,?,RBY94 ?,RBY94 241129,,
RBY94,241129,355,-1,,,,2.014091737815012,1,1154,1154,,?,RBY94 ?,RBY94 241129,,
RBY94,241129,365,-1,,,,0.16719244819448634,1,1154,863,,?,RBY94 ?,RBY94 241129,,
RBY94,241129,379,-1,,,,0.309926052305278,1,1154,1090,,?,RBY94 ?,RBY94 241129,,
AMB154,241114,16,-1,,,,0.6334415084587693,2,1365,936,,?,AMB154 ?,AMB154 241114,,
AMB154,241114,18,-1,,,,0.12303747862653491,2,1365,972,,?,AMB154 ?,AMB154 241114,,
AMB154,241114,20,-1,,,,0.10905055909095578,2,1365,1199,,?,AMB154 ?,AMB154 241114,,
AMB154,241114,50,-1,,,,4.2770340474771285,2,1365,1248,,?,AMB154 ?,AMB154 241114,,
AMB154,241114,56,-1,,,,0.9672310458502166,2,1365,1134,,?,AMB154 ?,AMB154 241114,,
AMB154,241114,60,-1,,,,1.7907998334197393,2,1365,1070,,?,AMB154 ?,AMB154 241114,,
AMB154,241114,66,-1,,,,0.162627572905208,2,1365,983,,?,AMB154 ?,AMB154 241114,,
AMB154,241114,69,-1,,,,0.1533819820257574,2,1365,1265,,?,AMB154 ?,AMB154 241114,,
AMB154,241114,70,-1,,,,0.2895766476730489,2,1365,1301,,?,AMB154 ?,AMB154 241114,,
AMB154,241114,91,-1,,,,0.35915564570173486,2,1365,1335,,?,AMB154 ?,AMB154 241114,,
AMB154,241114,94,-1,,,,0.7510264591307564,2,1365,1325,,?,AMB154 ?,AMB154 241114,,
AMB154,241114,115,-1,,,,0.6768246656623452,2,1365,1213,,?,AMB154 ?,AMB154 241114,,
AMB154,241114,118,-1,,,,2.9283631112413726,2,1365,1365,,?,AMB154 ?,AMB154 241114,,
AMB154,241114,128,-1,,,,1.6033988182862597,2,1365,1365,,?,AMB154 ?,AMB154 241114,,
AMB154,241114,132,-1,,,,0.22663550976294292,2,1365,1263,,?,AMB154 ?,AMB154 241114,,
AMB154,241114,133,-1,,,,0.48349698970870514,2,1365,1180,,?,AMB154 ?,AMB154 241114,,
AMB154,241114,137,-1,,,,0.3231215479151581,2,1365,1260,,?,AMB154 ?,AMB154 241114,,
AMB154,241114,150,-1,,,,1.232034251294994,2,1365,1360,,?,AMB154 ?,AMB154 241114,,
AMB154,241114,152,-1,,,,6.973783253866624,2,1365,1365,,?,AMB154 ?,AMB154 241114,,
AMB154,241114,153,-1,,,,0.2689518680188899,2,1365,940,,?,AMB154 ?,AMB154 241114,,
AMB154,241114,157,-1,,,,0.14520319009393573,2,1365,1187,,?,AMB154 ?,AMB154 241114,,
AMB154,241114,158,-1,,,,0.1488777198024353,2,1365,1018,,?,AMB154 ?,AMB154 241114,,
AMB154,241114,162,-1,,,,2.5033029972194516,2,1365,978,,?,AMB154 ?,AMB154 241114,,
AMB154,241114,169,-1,,,,0.13097920412555017,2,1365,1135,,?,AMB154 ?,AMB154 241114,,
AMB154,241114,181,-1,,,,0.5599509142887774,2,1365,1365,,?,AMB154 ?,AMB154 241114,,
AMB154,241114,198,-1,,,,15.170947834230805,2,1365,1186,,?,AMB154 ?,AMB154 241114,,
AMB154,241114,221,-1,,,,1.8473401776440719,2,1365,1365,,?,AMB154 ?,AMB154 241114,,
AMB154,241114,230,-1,,,,0.39424147775708585,2,1365,1045,,?,AMB154 ?,AMB154 241114,,
AMB154,241114,231,-1,,,,1.2217218614679146,2,1365,1356,,?,AMB154 ?,AMB154 241114,,
AMB154,241114,235,-1,,,,0.5495199912452946,2,1365,124,,?,AMB154 ?,AMB154 241114,,
AMB154,241114,244,-1,,,,0.45718261566719187,2,1365,812,,?,AMB154 ?,AMB154 241114,,
AMB154,241114,245,-1,,,,1.7986230257023512,2,1365,1365,,?,AMB154 ?,AMB154 241114,,
AMB154,241114,246,-1,,,,0.1672503683449333,2,1365,1220,,?,AMB154 ?,AMB154 241114,,
AMB154,241114,247,-1,,,,0.40893959659108425,2,1365,1360,,?,AMB154 ?,AMB154 241114,,
AMB154,241114,251,-1,,,,0.6666308090516689,2,1365,1364,,?,AMB154 ?,AMB154 241114,,
AMB154,241114,258,-1,,,,1.0136960666802761,2,1365,1365,,?,AMB154 ?,AMB154 241114,,
AMB154,241114,271,-1,,,,0.1360761324308883,2,1365,1157,,?,AMB154 ?,AMB154 241114,,
AMB154,241114,273,-1,,,,1.2603636900153619,2,1365,1360,,?,AMB154 ?,AMB154 241114,,
AMB154,241114,280,-1,,,,0.1404618614378072,2,1365,1296,,?,AMB154 ?,AMB154 241114,,
AMB154,241114,282,-1,,,,0.1574121113834666,2,1365,1327,,?,AMB154 ?,AMB154 241114,,
AMB154,241114,284,-1,,,,0.6654454768876368,2,1365,1351,,?,AMB154 ?,AMB154 241114,,
AMB154,241114,285,-1,,,,0.13050507125993732,2,1365,1120,,?,AMB154 ?,AMB154 241114,,
AMB154,241114,286,-1,,,,0.16416850471844976,2,1365,976,,?,AMB154 ?,AMB154 241114,,
AMB154,241114,288,-1,,,,0.24465255865623128,2,1365,1184,,?,AMB154 ?,AMB154 241114,,
AMB154,241114,289,-1,,,,0.6300040451830762,2,1365,1078,,?,AMB154 ?,AMB154 241114,,
AMB154,241114,290,-1,,,,0.12291894541013171,2,1365,1007,,?,AMB154 ?,AMB154 241114,,
AMB154,241114,291,-1,,,,0.6362863056524464,2,1365,1326,,?,AMB154 ?,AMB154 241114,,
AMB154,241119,114,-1,,,,0.2844457830740212,3,783,761,,?,AMB154 ?,AMB154 241119,,
AMB154,241119,128,-1,,,,0.20906164569552121,3,783,493,,?,AMB154 ?,AMB154 241119,,
AMB154,241119,130,-1,,,,3.9383592654201354,3,783,783,,?,AMB154 ?,AMB154 241119,,
AMB154,241119,134,-1,,,,11.22401442500104,3,783,783,,?,AMB154 ?,AMB154 241119,,
AMB154,241119,359,-1,,,,0.11834200978168924,3,783,437,,?,AMB154 ?,AMB154 241119,,
AMB154,241119,368,-1,,,,0.1394976071587437,3,783,718,,?,AMB154 ?,AMB154 241119,,
AMB154,241119,373,-1,,,,0.11917345247336388,3,783,647,,?,AMB154 ?,AMB154 241119,,
AMB154,241119,379,-1,,,,1.6325839163637876,3,783,783,,?,AMB154 ?,AMB154 241119,,
AMB154,241119,387,-1,,,,0.10947328773715981,3,783,328,,?,AMB154 ?,AMB154 241119,,
AMB154,241119,393,-1,,,,0.2712350825285242,3,783,775,,?,AMB154 ?,AMB154 241119,,
AMB154,241119,404,-1,,,,0.878557777536194,3,783,783,,?,AMB154 ?,AMB154 241119,,
AMB154,241119,406,-1,,,,2.7227900501918243,3,783,783,,?,AMB154 ?,AMB154 241119,,
AMB154,241119,407,-1,,,,0.39465813098155844,3,783,706,,?,AMB154 ?,AMB154 241119,,
AMB154,241119,408,-1,,,,23.82092549899949,3,783,783,,?,AMB154 ?,AMB154 241119,,
AMB154,241119,409,-1,,,,1.2242531722302463,3,783,783,,?,AMB154 ?,AMB154 241119,,
AMB154,241122,102,-1,,,,8.997483584202541,4,1780,1780,,?,AMB154 ?,AMB154 241122,,
AMB154,241122,106,-1,,,,0.16789132105970167,4,1780,1736,,?,AMB154 ?,AMB154 241122,,
AMB154,241122,108,-1,,,,0.38994666198144085,4,1780,1780,,?,AMB154 ?,AMB154 241122,,
AMB154,241122,113,-1,,,,0.6204865566473916,4,1780,1535,,?,AMB154 ?,AMB154 241122,,
AMB154,241122,126,-1,,,,0.14260906495321266,4,1780,1095,,?,AMB154 ?,AMB154 241122,,
AMB154,241122,194,-1,,,,1.2403731953532733,4,1780,1780,,?,AMB154 ?,AMB154 241122,,
AMB154,241122,196,-1,,,,1.0509705309622877,4,1780,1780,,?,AMB154 ?,AMB154 241122,,
AMB154,241122,330,-1,,,,3.020586835502392,4,1780,1780,,?,AMB154 ?,AMB154 241122,,
AMB154,241122,347,-1,,,,27.084152495095573,4,1780,1780,,?,AMB154 ?,AMB154 241122,,
AMB154,241122,376,-1,,,,0.33252594472263525,4,1780,435,,?,AMB154 ?,AMB154 241122,,
AMB154,241122,379,-1,,,,1.6586874057118255,4,1780,1780,,?,AMB154 ?,AMB154 241122,,
AMB154,241122,385,-1,,,,0.3230986627846224,4,1780,1780,,?,AMB154 ?,AMB154 241122,,
AMB154,241122,387,-1,,,,0.14526584440847082,4,1780,1398,,?,AMB154 ?,AMB154 241122,,
AMB154,241122,391,-1,,,,0.14235195726399413,4,1780,1544,,?,AMB154 ?,AMB154 241122,,
AMB154,241122,396,-1,,,,0.22874014084142102,4,1780,1672,,?,AMB154 ?,AMB154 241122,,
AMB154,241122,404,-1,,,,0.20242945397805787,4,1780,1497,,?,AMB154 ?,AMB154 241122,,
AMB154,241122,406,-1,,,,0.2742482018331013,4,1780,1264,,?,AMB154 ?,AMB154 241122,,
AMB154,241122,407,-1,,,,0.4681073995038747,4,1780,1780,,?,AMB154 ?,AMB154 241122,,
AMB154,241122,408,-1,,,,9.670248704324369,4,1780,1780,,?,AMB154 ?,AMB154 241122,,
AMB154,241122,433,-1,,,,0.23542494076110285,4,1780,1728,,?,AMB154 ?,AMB154 241122,,
AMB154,241122,491,-1,,,,1.6816556926153479,4,1780,1780,,?,AMB154 ?,AMB154 241122,,
AMB154,241122,499,-1,,,,0.12126912674807447,4,1780,381,,?,AMB154 ?,AMB154 241122,,
AMB154,241122,512,-1,,,,0.3182136166894703,4,1780,1595,,?,AMB154 ?,AMB154 241122,,
AMB154,241122,524,-1,,,,0.40742998484830106,4,1780,1780,,?,AMB154 ?,AMB154 241122,,
AMB154,241122,528,-1,,,,0.25059429442499626,4,1780,1757,,?,AMB154 ?,AMB154 241122,,
AMB154,241127,12,-1,,,,0.17622949458647447,5,2023,1507,,?,AMB154 ?,AMB154 241127,,
AMB154,241127,16,-1,,,,0.2909143619030575,5,2023,1870,,?,AMB154 ?,AMB154 241127,,
AMB154,241127,39,-1,,,,21.181331990670216,5,2023,2023,,?,AMB154 ?,AMB154 241127,,
AMB154,241127,44,-1,,,,0.14637641080406624,5,2023,1609,,?,AMB154 ?,AMB154 241127,,
AMB154,241127,47,-1,,,,9.49100445459954,5,2023,2023,,?,AMB154 ?,AMB154 241127,,
AMB154,241127,52,-1,,,,1.202177555718563,5,2023,2023,,?,AMB154 ?,AMB154 241127,,
AMB154,241127,54,-1,,,,0.1808694166992828,5,2023,1900,,?,AMB154 ?,AMB154 241127,,
AMB154,241127,58,-1,,,,0.15548116362919953,5,2023,1759,,?,AMB154 ?,AMB154 241127,,
AMB154,241127,86,-1,,,,2.762417025425542,5,2023,2023,,?,AMB154 ?,AMB154 241127,,
AMB154,241127,120,-1,,,,0.15434306952605786,5,2023,1902,,?,AMB154 ?,AMB154 241127,,
AMB154,241127,121,-1,,,,1.4677036645515373,5,2023,2023,,?,AMB154 ?,AMB154 241127,,
AMB154,241127,124,-1,,,,1.4208667149222458,5,2023,2023,,?,AMB154 ?,AMB154 241127,,
AMB154,241127,126,-1,,,,0.2584349071133992,5,2023,1970,,?,AMB154 ?,AMB154 241127,,
AMB154,241127,128,-1,,,,0.4774742491180486,5,2023,2007,,?,AMB154 ?,AMB154 241127,,
AMB154,241127,133,-1,,,,1.7466242655214863,5,2023,2023,,?,AMB154 ?,AMB154 241127,,
AMB154,241127,142,-1,,,,5.539979456992891,5,2023,2023,,?,AMB154 ?,AMB154 241127,,
AMB154,241127,146,-1,,,,0.5617807584507734,5,2023,2023,,?,AMB154 ?,AMB154 241127,,
AMB154,241127,147,-1,,,,0.20625766976936608,5,2023,1690,,?,AMB154 ?,AMB154 241127,,
AMB154,241127,150,-1,,,,4.777018679386768,5,2023,2023,,?,AMB154 ?,AMB154 241127,,
AMB154,241127,297,-1,,,,0.54689798940969,5,2023,2023,,?,AMB154 ?,AMB154 241127,,
AMB154,241127,306,-1,,,,12.156683481258037,5,2023,2023,,?,AMB154 ?,AMB154 241127,,
AMB154,241127,309,-1,,,,0.36856739801741556,5,2023,2010,,?,AMB154 ?,AMB154 241127,,
AMB154,241127,317,-1,,,,3.3763750212203476,5,2023,2023,,?,AMB154 ?,AMB154 241127,,
AMB154,241127,320,-1,,,,0.11249622481054135,5,2023,1707,,?,AMB154 ?,AMB154 241127,,
AMB154,241127,321,-1,,,,1.1586673426984548,5,2023,1999,,?,AMB154 ?,AMB154 241127,,
AMB154,241127,330,-1,,,,0.9716697269822554,5,2023,2000,,?,AMB154 ?,AMB154 241127,,
AMB154,241127,335,-1,,,,4.565245630502177,5,2023,2023,,?,AMB154 ?,AMB154 241127,,
AMB154,241127,336,-1,,,,22.557725489869707,5,2023,2023,,?,AMB154 ?,AMB154 241127,,
AMB154,241127,337,-1,,,,0.41470398204477377,5,2023,1967,,?,AMB154 ?,AMB154 241127,,
AMB154,241127,354,-1,,,,0.1248401685446163,5,2023,1676,,?,AMB154 ?,AMB154 241127,,
AMB154,241127,366,-1,,,,0.30080702603036574,5,2023,2023,,?,AMB154 ?,AMB154 241127,,
AMB154,241127,368,-1,,,,0.15285479262194954,5,2023,1792,,?,AMB154 ?,AMB154 241127,,
AMB154,241127,372,-1,,,,33.06128351346435,5,2023,2023,,?,AMB154 ?,AMB154 241127,,
AMB154,241127,382,-1,,,,0.1373592036791746,5,2023,1181,,?,AMB154 ?,AMB154 241127,,
AMB154,241127,388,-1,,,,3.330676165694198,5,2023,2023,,?,AMB154 ?,AMB154 241127,,
AMB154,241127,400,-1,,,,0.19618991424157445,5,2023,1265,,?,AMB154 ?,AMB154 241127,,
AMB154,241127,409,-1,,,,2.0936554212794523,5,2023,2023,,?,AMB154 ?,AMB154 241127,,
AMB154,241127,410,-1,,,,0.12168852333591632,5,2023,1673,,?,AMB154 ?,AMB154 241127,,
AMB154,241202,3,-1,,,,0.24619905818450313,6,2057,1961,,?,AMB154 ?,AMB154 241202,,
AMB154,241202,8,-1,,,,0.10377147678172224,6,2057,1457,,?,AMB154 ?,AMB154 241202,,
AMB154,241202,14,-1,,,,0.1031813072455229,6,2057,1646,,?,AMB154 ?,AMB154 241202,,
AMB154,241202,21,-1,,,,0.3707248303225698,6,2057,1097,,?,AMB154 ?,AMB154 241202,,
AMB154,241202,22,-1,,,,0.8208274632639546,6,2057,2046,,?,AMB154 ?,AMB154 241202,,
AMB154,241202,36,-1,,,,0.10731249399891846,6,2057,1987,,?,AMB154 ?,AMB154 241202,,
AMB154,241202,62,-1,,,,0.4188236475228183,6,2057,2037,,?,AMB154 ?,AMB154 241202,,
AMB154,241202,66,-1,,,,23.770750217448782,6,2057,2057,,?,AMB154 ?,AMB154 241202,,
AMB154,241202,84,-1,,,,0.8126634513465301,6,2057,2057,,?,AMB154 ?,AMB154 241202,,
AMB154,241202,101,-1,,,,0.4238400885805129,6,2057,2043,,?,AMB154 ?,AMB154 241202,,
AMB154,241202,104,-1,,,,0.2604614886426545,6,2057,2029,,?,AMB154 ?,AMB154 241202,,
AMB154,241202,110,-1,,,,0.3885282779979174,6,2057,2048,,?,AMB154 ?,AMB154 241202,,
AMB154,241202,112,-1,,,,2.0918559210586607,6,2057,2057,,?,AMB154 ?,AMB154 241202,,
AMB154,241202,115,-1,,,,10.568165884722086,6,2057,2057,,?,AMB154 ?,AMB154 241202,,
AMB154,241202,122,-1,,,,19.022049406009934,6,2057,2057,,?,AMB154 ?,AMB154 241202,,
AMB154,241202,126,-1,,,,11.427354367839001,6,2057,2057,,?,AMB154 ?,AMB154 241202,,
AMB154,241202,130,-1,,,,0.3312818329865787,6,2057,2057,,?,AMB154 ?,AMB154 241202,,
AMB154,241202,137,-1,,,,7.5896785971132426,6,2057,2057,,?,AMB154 ?,AMB154 241202,,
AMB154,241202,153,-1,,,,5.288312490703806,6,2057,2057,,?,AMB154 ?,AMB154 241202,,
AMB154,241202,221,-1,,,,0.4190203707015514,6,2057,2007,,?,AMB154 ?,AMB154 241202,,
AMB154,241202,225,-1,,,,3.752297911155583,6,2057,2057,,?,AMB154 ?,AMB154 241202,,
AMB154,241202,244,-1,,,,10.041046127306684,6,2057,2057,,?,AMB154 ?,AMB154 241202,,
AMB154,241202,245,-1,,,,0.2609532965894873,6,2057,1936,,?,AMB154 ?,AMB154 241202,,
AMB154,241202,250,-1,,,,0.46761099584863275,6,2057,2057,,?,AMB154 ?,AMB154 241202,,
AMB154,241202,257,-1,,,,0.13603407809395437,6,2057,2003,,?,AMB154 ?,AMB154 241202,,
AMB154,241202,259,-1,,,,0.10947644896498282,6,2057,1739,,?,AMB154 ?,AMB154 241202,,
AMB154,241202,268,-1,,,,0.13180452975119222,6,2057,1798,,?,AMB154 ?,AMB154 241202,,
AMB154,241202,275,-1,,,,0.5703988567366893,6,2057,2057,,?,AMB154 ?,AMB154 241202,,
AMB154,241202,279,-1,,,,0.3510525124492575,6,2057,2053,,?,AMB154 ?,AMB154 241202,,
AMB154,241202,282,-1,,,,0.12068967015277081,6,2057,1674,,?,AMB154 ?,AMB154 241202,,
AMB154,241202,289,-1,,,,1.2186017306623287,6,2057,2057,,?,AMB154 ?,AMB154 241202,,
AMB154,241202,291,-1,,,,0.5300706050963992,6,2057,2057,,?,AMB154 ?,AMB154 241202,,
AMB154,241202,293,-1,,,,0.19278871515846027,6,2057,1997,,?,AMB154 ?,AMB154 241202,,
AMB154,241202,297,-1,,,,3.97636561173261,6,2057,2057,,?,AMB154 ?,AMB154 241202,,
AMB154,241202,302,-1,,,,0.11714865293557458,6,2057,2001,,?,AMB154 ?,AMB154 241202,,
AMB154,241202,305,-1,,,,0.27816657472863554,6,2057,2009,,?,AMB154 ?,AMB154 241202,,
AMB154,241202,310,-1,,,,0.9293202963352718,6,2057,1460,,?,AMB154 ?,AMB154 241202,,
AMB154,241202,312,-1,,,,0.12295198670820169,6,2057,1597,,?,AMB154 ?,AMB154 241202,,
AMB154,241202,315,-1,,,,1.0903382181283328,6,2057,1989,,?,AMB154 ?,AMB154 241202,,
AMB154,241202,317,-1,,,,0.32715064623318313,6,2057,2039,,?,AMB154 ?,AMB154 241202,,
AMB154,241202,318,-1,,,,3.8766269601149164,6,2057,2057,,?,AMB154 ?,AMB154 241202,,
AMB154,241202,323,-1,,,,0.43800415744929777,6,2057,2054,,?,AMB154 ?,AMB154 241202,,
AMB154,241202,325,-1,,,,0.17970662377270763,6,2057,1882,,?,AMB154 ?,AMB154 241202,,
AMB154,241202,332,-1,,,,0.14164068868784838,6,2057,1763,,?,AMB154 ?,AMB154 241202,,
AMB154,241202,334,-1,,,,0.13249306087675816,6,2057,1347,,?,AMB154 ?,AMB154 241202,,
AMB154,241202,339,-1,,,,0.4121350594458921,6,2057,1994,,?,AMB154 ?,AMB154 241202,,
AMB154,241202,347,-1,,,,0.23862521580327786,6,2057,1897,,?,AMB154 ?,AMB154 241202,,
AMB154,241202,349,-1,,,,0.13268978405549128,6,2057,1632,,?,AMB154 ?,AMB154 241202,,
AMB154,241202,370,-1,,,,3.2820311523940533,6,2057,1141,,?,AMB154 ?,AMB154 241202,,
SLV132,250303,0,-1,,,,0.21631761086081006,7,1992,1976,,?,SLV132 ?,SLV132 250303,,
SLV132,250303,4,-1,,,,0.6441717458983748,7,1992,1974,,?,SLV132 ?,SLV132 250303,,
SLV132,250303,14,-1,,,,0.316189199372186,7,1992,1987,,?,SLV132 ?,SLV132 250303,,
SLV132,250303,21,-1,,,,0.2516976523228187,7,1992,551,,?,SLV132 ?,SLV132 250303,,
SLV132,250303,23,-1,,,,0.14948864365479356,7,1992,1962,,?,SLV132 ?,SLV132 250303,,
SLV132,250303,26,-1,,,,0.13727031101776355,7,1992,1827,,?,SLV132 ?,SLV132 250303,,
SLV132,250303,28,-1,,,,0.19134971373296603,7,1992,1762,,?,SLV132 ?,SLV132 250303,,
SLV132,250303,30,-1,,,,0.7507368557674281,7,1992,1992,,?,SLV132 ?,SLV132 250303,,
SLV132,250303,33,-1,,,,1.1081496469932457,7,1992,1979,,?,SLV132 ?,SLV132 250303,,
SLV132,250303,38,-1,,,,5.2962753358548715,7,1992,1990,,?,SLV132 ?,SLV132 250303,,
SLV132,250303,41,-1,,,,0.17828141012988172,7,1992,1988,,?,SLV132 ?,SLV132 250303,,
SLV132,250303,45,-1,,,,0.12335203644862497,7,1992,1052,,?,SLV132 ?,SLV132 250303,,
SLV132,250303,46,-1,,,,0.29823356271428964,7,1992,1962,,?,SLV132 ?,SLV132 250303,,
SLV132,250303,49,-1,,,,0.623028718117775,7,1992,1766,,?,SLV132 ?,SLV132 250303,,
SLV132,250303,52,-1,,,,0.900544238534492,7,1992,1992,,?,SLV132 ?,SLV132 250303,,
SLV132,250303,53,-1,,,,2.311708534926083,7,1992,1981,,?,SLV132 ?,SLV132 250303,,
SLV132,250303,58,-1,,,,0.22141743665713562,7,1992,1991,,?,SLV132 ?,SLV132 250303,,
SLV132,250303,59,-1,,,,0.4613217418259514,7,1992,1992,,?,SLV132 ?,SLV132 250303,,
SLV132,250303,62,-1,,,,0.2591348982757935,7,1992,1970,,?,SLV132 ?,SLV132 250303,,
SLV132,250303,68,-1,,,,2.7140635409820195,7,1992,1992,,?,SLV132 ?,SLV132 250303,,
SLV132,250303,73,-1,,,,0.25031644950298054,7,1992,1992,,?,SLV132 ?,SLV132 250303,,
SLV132,250303,75,-1,,,,0.5568372291362993,7,1992,1980,,?,SLV132 ?,SLV132 250303,,
SLV132,250303,76,-1,,,,0.7498868848013738,7,1992,1779,,?,SLV132 ?,SLV132 250303,,
SLV132,250303,79,-1,,,,1.0125279133121412,7,1992,1978,,?,SLV132 ?,SLV132 250303,,
SLV132,250303,88,-1,,,,0.3131080546202393,7,1992,1830,,?,SLV132 ?,SLV132 250303,,
SLV132,250303,93,-1,,,,0.3094956780145086,7,1992,1992,,?,SLV132 ?,SLV132 250303,,
SLV132,250303,98,-1,,,,0.8471023140438302,7,1992,1992,,?,SLV132 ?,SLV132 250303,,
SLV132,250303,100,-1,,,,1.241170103180738,7,1992,1977,,?,SLV132 ?,SLV132 250303,,
SLV132,250303,108,-1,,,,5.168992183688245,7,1992,1992,,?,SLV132 ?,SLV132 250303,,
SLV132,250303,111,-1,,,,0.19698077138307554,7,1992,1350,,?,SLV132 ?,SLV132 250303,,
SLV132,250303,112,-1,,,,1.3397667352430325,7,1992,1992,,?,SLV132 ?,SLV132 250303,,
SLV132,250303,116,-1,,,,1.728628452212858,7,1992,1550,,?,SLV132 ?,SLV132 250303,,
SLV132,250303,118,-1,,,,0.9114876147224407,7,1992,1992,,?,SLV132 ?,SLV132 250303,,
SLV132,250303,119,-1,,,,1.9300715711677183,7,1992,1992,,?,SLV132 ?,SLV132 250303,,
SLV132,250303,122,-1,,,,0.4080923100768032,7,1992,1849,,?,SLV132 ?,SLV132 250303,,
SLV132,250303,124,-1,,,,1.180928410961642,7,1992,1992,,?,SLV132 ?,SLV132 250303,,
SLV132,250303,126,-1,,,,0.5448313892407828,7,1992,1992,,?,SLV132 ?,SLV132 250303,,
SLV132,250303,127,-1,,,,3.98158274411044,7,1992,1992,,?,SLV132 ?,SLV132 250303,,
SLV132,250303,133,-1,,,,1.9201906586873376,7,1992,1992,,?,SLV132 ?,SLV132 250303,,
SLV132,250303,141,-1,,,,1.9947756109585992,7,1992,1992,,?,SLV132 ?,SLV132 250303,,
SLV132,250303,143,-1,,,,2.315002172419543,7,1992,1992,,?,SLV132 ?,SLV132 250303,,
SLV132,250303,145,-1,,,,3.739128526043461,7,1992,1992,,?,SLV132 ?,SLV132 250303,,
SLV132,250303,147,-1,,,,42.23505730323635,7,1992,1992,,?,SLV132 ?,SLV132 250303,,
SLV132,250303,156,-1,,,,2.3699315461007995,7,1992,1971,,?,SLV132 ?,SLV132 250303,,
SLV132,250303,163,-1,,,,3.6897239636415566,7,1992,1960,,?,SLV132 ?,SLV132 250303,,
SLV132,250303,164,-1,,,,0.23650442130459873,7,1992,1992,,?,SLV132 ?,SLV132 250303,,
SLV132,250303,176,-1,,,,0.4486784237058942,7,1992,1992,,?,SLV132 ?,SLV132 250303,,
SLV132,250303,186,-1,,,,2.637034922183352,7,1992,1992,,?,SLV132 ?,SLV132 250303,,
SLV132,250303,187,-1,,,,4.562962884891556,7,1992,1747,,?,SLV132 ?,SLV132 250303,,
SLV132,250303,190,-1,,,,5.911654315278158,7,1992,1985,,?,SLV132 ?,SLV132 250303,,
SLV132,250303,194,-1,,,,0.533463027569807,7,1992,1822,,?,SLV132 ?,SLV132 250303,,
SLV132,250303,199,-1,,,,1.0315460136776053,7,1992,1992,,?,SLV132 ?,SLV132 250303,,
SLV132,250303,200,-1,,,,2.5917739682409624,7,1992,1959,,?,SLV132 ?,SLV132 250303,,
SLV132,250303,201,-1,,,,4.124802851890583,7,1992,1992,,?,SLV132 ?,SLV132 250303,,
SLV132,250303,204,-1,,,,1.458443931378359,7,1992,1992,,?,SLV132 ?,SLV132 250303,,
SLV132,250303,206,-1,,,,2.0422677386868813,7,1992,1932,,?,SLV132 ?,SLV132 250303,,
SLV132,250303,211,-1,,,,0.7030322352976326,7,1992,1992,,?,SLV132 ?,SLV132 250303,,
SLV132,250303,215,-1,,,,0.9167999332602798,7,1992,1992,,?,SLV132 ?,SLV132 250303,,
SLV132,250303,219,-1,,,,1.729690915920426,7,1992,1992,,?,SLV132 ?,SLV132 250303,,
SLV132,250303,232,-1,,,,0.7394747404672091,7,1992,1992,,?,SLV132 ?,SLV132 250303,,
SLV132,250303,235,-1,,,,1.2488198418752263,7,1992,1992,,?,SLV132 ?,SLV132 250303,,
SLV132,250303,241,-1,,,,2.5722246360217143,7,1992,1992,,?,SLV132 ?,SLV132 250303,,
SLV132,250303,270,-1,,,,33.569709550683896,7,1992,1992,,?,SLV132 ?,SLV132 250303,,
SLV132,250303,279,-1,,,,1.2631631019273921,7,1992,1953,,?,SLV132 ?,SLV132 250303,,
SLV132,250303,281,-1,,,,0.5159323763949378,7,1992,1992,,?,SLV132 ?,SLV132 250303,,
SLV132,250303,283,-1,,,,1.5377037239629192,7,1992,1992,,?,SLV132 ?,SLV132 250303,,
SLV132,250303,285,-1,,,,0.751268087621212,7,1992,1992,,?,SLV132 ?,SLV132 250303,,
SLV132,250303,287,-1,,,,0.8148034173337682,7,1992,1970,,?,SLV132 ?,SLV132 250303,,
SLV132,250303,289,-1,,,,3.9111414002986926,7,1992,1953,,?,SLV132 ?,SLV132 250303,,
SLV132,250303,293,-1,,,,1.3436978509610336,7,1992,1992,,?,SLV132 ?,SLV132 250303,,
SLV132,250303,301,-1,,,,0.2787904768657984,7,1992,927,,?,SLV132 ?,SLV132 250303,,
SLV132,250303,310,-1,,,,0.39884887582096307,7,1992,937,,?,SLV132 ?,SLV132 250303,,
SLV132,250303,311,-1,,,,1.759014914249298,7,1992,1317,,?,SLV132 ?,SLV132 250303,,
SLV132,250303,312,-1,,,,0.35847525493338556,7,1992,1966,,?,SLV132 ?,SLV132 250303,,
SLV132,250303,322,-1,,,,0.7687987387960812,7,1992,1971,,?,SLV132 ?,SLV132 250303,,
SLV132,250303,326,-1,,,,4.375013055022807,7,1992,1992,,?,SLV132 ?,SLV132 250303,,
SLV132,250303,330,-1,,,,2.179750542446158,7,1992,1992,,?,SLV132 ?,SLV132 250303,,
SLV132,250303,332,-1,,,,0.435078888249026,7,1992,1980,,?,SLV132 ?,SLV132 250303,,
SLV132,250303,334,-1,,,,0.35975021138246693,7,1992,1930,,?,SLV132 ?,SLV132 250303,,
SLV132,250303,335,-1,,,,1.211421119368839,7,1992,1992,,?,SLV132 ?,SLV132 250303,,
SLV132,250303,340,-1,,,,0.11708350057397478,7,1992,1648,,?,SLV132 ?,SLV132 250303,,
SLV132,250303,344,-1,,,,2.8761955027568704,7,1992,1992,,?,SLV132 ?,SLV132 250303,,
SLV132,250303,348,-1,,,,0.4602592781183836,7,1992,1979,,?,SLV132 ?,SLV132 250303,,
SLV132,250303,350,-1,,,,22.976202661637334,7,1992,1076,,?,SLV132 ?,SLV132 250303,,
SLV132,250303,354,-1,,,,0.2494664785369263,7,1992,1992,,?,SLV132 ?,SLV132 250303,,
SLV132,250303,360,-1,,,,0.3026959102860745,7,1992,1989,,?,SLV132 ?,SLV132 250303,,
SLV132,250303,362,-1,,,,0.2094115967616191,7,1992,1873,,?,SLV132 ?,SLV132 250303,,
SLV132,250303,364,-1,,,,0.1867811197904244,7,1992,1898,,?,SLV132 ?,SLV132 250303,,
SLV132,250303,366,-1,,,,1.380671587984394,7,1992,1800,,?,SLV132 ?,SLV132 250303,,
SLV132,250303,370,-1,,,,1.746796581612268,7,1992,1992,,?,SLV132 ?,SLV132 250303,,
SLV132,250303,371,-1,,,,0.11495857315883912,7,1992,1554,,?,SLV132 ?,SLV132 250303,,
SLV132,250303,374,-1,,,,0.4491034091889214,7,1992,1860,,?,SLV132 ?,SLV132 250303,,
SLV132,250303,375,-1,,,,0.2255610451166501,7,1992,1965,,?,SLV132 ?,SLV132 250303,,
SLV132,250303,381,-1,,,,1.1948466855307807,7,1992,1906,,?,SLV132 ?,SLV132 250303,,
SLV132,250303,388,-1,,,,0.2972773453774786,7,1992,1842,,?,SLV132 ?,SLV132 250303,,
SLV132,250303,389,-1,,,,0.2010181334718333,7,1992,1607,,?,SLV132 ?,SLV132 250303,,
SLV132,250303,390,-1,,,,1.7245910901241002,7,1992,1992,,?,SLV132 ?,SLV132 250303,,
SLV132,250303,391,-1,,,,0.6722207877781655,7,1992,1992,,?,SLV132 ?,SLV132 250303,,
SLV132,250303,393,-1,,,,1.3939523843289918,7,1992,1992,,?,SLV132 ?,SLV132 250303,,
SLV132,250310,0,-1,,,,1.0378844811894226,8,1841,1841,,?,SLV132 ?,SLV132 250310,,
SLV132,250310,1,-1,,,,0.18323993712096934,8,1841,1825,,?,SLV132 ?,SLV132 250310,,
SLV132,250310,2,-1,,,,2.080952553245068,8,1841,1841,,?,SLV132 ?,SLV132 250310,,
SLV132,250310,5,-1,,,,7.802729741153244,8,1841,1778,,?,SLV132 ?,SLV132 250310,,
SLV132,250310,6,-1,,,,0.26280805691748643,8,1841,1804,,?,SLV132 ?,SLV132 250310,,
SLV132,250310,11,-1,,,,1.8587060948557734,8,1841,1841,,?,SLV132 ?,SLV132 250310,,
SLV132,250310,12,-1,,,,2.0301533627560864,8,1841,1828,,?,SLV132 ?,SLV132 250310,,
SLV132,250310,13,-1,,,,4.353697968540373,8,1841,1841,,?,SLV132 ?,SLV132 250310,,
SLV132,250310,17,-1,,,,0.18984901547540314,8,1841,584,,?,SLV132 ?,SLV132 250310,,
SLV132,250310,24,-1,,,,0.3675165924151832,8,1841,1763,,?,SLV132 ?,SLV132 250310,,
SLV132,250310,25,-1,,,,0.3944712649195408,8,1841,1841,,?,SLV132 ?,SLV132 250310,,
SLV132,250310,26,-1,,,,0.7730029879254471,8,1841,1841,,?,SLV132 ?,SLV132 250310,,
SLV132,250310,29,-1,,,,0.19140409273526993,8,1841,1823,,?,SLV132 ?,SLV132 250310,,
SLV132,250310,31,-1,,,,0.7775386299333918,8,1841,1841,,?,SLV132 ?,SLV132 250310,,
SLV132,250310,37,-1,,,,2.5049702861020773,8,1841,1841,,?,SLV132 ?,SLV132 250310,,
SLV132,250310,51,-1,,,,0.1289418227972875,8,1841,1813,,?,SLV132 ?,SLV132 250310,,
SLV132,250310,52,-1,,,,0.8683810598639432,8,1841,1841,,?,SLV132 ?,SLV132 250310,,
SLV132,250310,60,-1,,,,0.6969337919636303,8,1841,1841,,?,SLV132 ?,SLV132 250310,,
SLV132,250310,67,-1,,,,3.0558564054098856,8,1841,1841,,?,SLV132 ?,SLV132 250310,,
SLV132,250310,69,-1,,,,0.40133952281728574,8,1841,1841,,?,SLV132 ?,SLV132 250310,,
SLV132,250310,71,-1,,,,0.5090286230630605,8,1841,1835,,?,SLV132 ?,SLV132 250310,,
SLV132,250310,72,-1,,,,0.685659481829596,8,1841,1841,,?,SLV132 ?,SLV132 250310,,
SLV132,250310,73,-1,,,,0.8365019760366741,8,1841,1841,,?,SLV132 ?,SLV132 250310,,
SLV132,250310,74,-1,,,,1.3476040354462238,8,1841,1841,,?,SLV132 ?,SLV132 250310,,
SLV132,250310,75,-1,,,,2.878966367100039,8,1841,1841,,?,SLV132 ?,SLV132 250310,,
SLV132,250310,86,-1,,,,0.24155533436597373,8,1841,1750,,?,SLV132 ?,SLV132 250310,,
SLV132,250310,87,-1,,,,0.5708429441427652,8,1841,1817,,?,SLV132 ?,SLV132 250310,,
SLV132,250310,90,-1,,,,0.6430244469549151,8,1841,1841,,?,SLV132 ?,SLV132 250310,,
SLV132,250310,91,-1,,,,1.1966319514674901,8,1841,1841,,?,SLV132 ?,SLV132 250310,,
SLV132,250310,94,-1,,,,1.1512755313880423,8,1841,1841,,?,SLV132 ?,SLV132 250310,,
SLV132,250310,100,-1,,,,0.5624196089851534,8,1841,1841,,?,SLV132 ?,SLV132 250310,,
SLV132,250310,102,-1,,,,0.4240177328570097,8,1841,1840,,?,SLV132 ?,SLV132 250310,,
SLV132,250310,103,-1,,,,0.5935211541824891,8,1841,1841,,?,SLV132 ?,SLV132 250310,,
SLV132,250310,104,-1,,,,0.9855302134405742,8,1841,1841,,?,SLV132 ?,SLV132 250310,,
SLV132,250310,105,-1,,,,0.9273444059672253,8,1841,1841,,?,SLV132 ?,SLV132 250310,,
SLV132,250310,115,-1,,,,0.20682527556228222,8,1841,1817,,?,SLV132 ?,SLV132 250310,,
SLV132,250310,116,-1,,,,0.349114844840093,8,1841,1841,,?,SLV132 ?,SLV132 250310,,
SLV132,250310,117,-1,,,,0.5310588842445066,8,1841,1534,,?,SLV132 ?,SLV132 250310,,
SLV132,250310,118,-1,,,,0.5987047450487117,8,1841,1837,,?,SLV132 ?,SLV132 250310,,
SLV132,250310,121,-1,,,,0.6887696363493296,8,1841,1630,,?,SLV132 ?,SLV132 250310,,
SLV132,250310,123,-1,,,,1.8794404583206636,8,1841,1841,,?,SLV132 ?,SLV132 250310,,
SLV132,250310,135,-1,,,,0.46120999732215695,8,1841,1841,,?,SLV132 ?,SLV132 250310,,
SLV132,250310,136,-1,,,,0.971275338558462,8,1841,1841,,?,SLV132 ?,SLV132 250310,,
SLV132,250310,137,-1,,,,3.069722510977031,8,1841,1841,,?,SLV132 ?,SLV132 250310,,
SLV132,250310,141,-1,,,,5.379660190737484,8,1841,1841,,?,SLV132 ?,SLV132 250310,,
SLV132,250310,145,-1,,,,1.3486407536194682,8,1841,1841,,?,SLV132 ?,SLV132 250310,,
SLV132,250310,158,-1,,,,3.185446177065451,8,1841,1841,,?,SLV132 ?,SLV132 250310,,
SLV132,250310,159,-1,,,,3.6489887902774076,8,1841,1744,,?,SLV132 ?,SLV132 250310,,
SLV132,250310,160,-1,,,,18.432071581657674,8,1841,1841,,?,SLV132 ?,SLV132 250310,,
SLV132,250310,162,-1,,,,0.423628963542043,8,1841,1841,,?,SLV132 ?,SLV132 250310,,
SLV132,250310,177,-1,,,,3.724669216924258,8,1841,1841,,?,SLV132 ?,SLV132 250310,,
SLV132,250310,188,-1,,,,0.478186257409036,8,1841,1841,,?,SLV132 ?,SLV132 250310,,
SLV132,250310,190,-1,,,,2.8862233943127507,8,1841,1841,,?,SLV132 ?,SLV132 250310,,
SLV132,250310,194,-1,,,,1.5653148518275735,8,1841,1841,,?,SLV132 ?,SLV132 250310,,
SLV132,250310,195,-1,,,,0.44397455769196675,8,1841,1834,,?,SLV132 ?,SLV132 250310,,
SLV132,250310,207,-1,,,,0.5047521605984269,8,1841,1841,,?,SLV132 ?,SLV132 250310,,
SLV132,250310,208,-1,,,,0.42233306582548735,8,1841,1841,,?,SLV132 ?,SLV132 250310,,
SLV132,250310,210,-1,,,,0.7728733981537915,8,1841,1841,,?,SLV132 ?,SLV132 250310,,
SLV132,250310,229,-1,,,,5.736420832105255,8,1841,1799,,?,SLV132 ?,SLV132 250310,,
SLV132,250310,238,-1,,,,2.8460505650995254,8,1841,1841,,?,SLV132 ?,SLV132 250310,,
SLV132,250310,241,-1,,,,5.820783773453028,8,1841,1841,,?,SLV132 ?,SLV132 250310,,
SLV132,250310,245,-1,,,,2.564451991291982,8,1841,1841,,?,SLV132 ?,SLV132 250310,,
SLV132,250310,246,-1,,,,4.172661057537548,8,1841,1841,,?,SLV132 ?,SLV132 250310,,
SLV132,250310,250,-1,,,,3.8949501768796715,8,1841,1841,,?,SLV132 ?,SLV132 250310,,
SLV132,250310,256,-1,,,,5.649336505552715,8,1841,1841,,?,SLV132 ?,SLV132 250310,,
SLV132,250310,259,-1,,,,3.6368073517417847,8,1841,1841,,?,SLV132 ?,SLV132 250310,,
SLV132,250310,267,-1,,,,0.4706700506530132,8,1841,413,,?,SLV132 ?,SLV132 250310,,
SLV132,250310,268,-1,,,,1.242247551090249,8,1841,1819,,?,SLV132 ?,SLV132 250310,,
SLV132,250310,273,-1,,,,0.9522256421250939,8,1841,1841,,?,SLV132 ?,SLV132 250310,,
SLV132,250310,277,-1,,,,9.530809346180208,8,1841,1442,,?,SLV132 ?,SLV132 250310,,
SLV132,250310,287,-1,,,,0.5056592890000159,8,1841,1806,,?,SLV132 ?,SLV132 250310,,
SLV132,250310,289,-1,,,,0.27252728979165386,8,1841,1841,,?,SLV132 ?,SLV132 250310,,
SLV132,250310,290,-1,,,,0.2595683126260973,8,1841,1836,,?,SLV132 ?,SLV132 250310,,
SLV132,250310,291,-1,,,,0.5017715958503489,8,1841,1841,,?,SLV132 ?,SLV132 250310,,
SLV132,250310,293,-1,,,,32.98798350332573,8,1841,1841,,?,SLV132 ?,SLV132 250310,,
SLV132,250310,303,-1,,,,0.18440624506586945,8,1841,1378,,?,SLV132 ?,SLV132 250310,,
SLV132,250310,311,-1,,,,1.7482956094052315,8,1841,1841,,?,SLV132 ?,SLV132 250310,,
SLV132,250310,323,-1,,,,0.25749487627960826,8,1841,419,,?,SLV132 ?,SLV132 250310,,
SLV132,250310,328,-1,,,,0.2895035498785329,8,1841,1795,,?,SLV132 ?,SLV132 250310,,
SLV132,250310,329,-1,,,,1.8826802026120528,8,1841,1834,,?,SLV132 ?,SLV132 250310,,
SLV132,250310,336,-1,,,,0.4192229113057538,8,1841,1825,,?,SLV132 ?,SLV132 250310,,
SLV132,250310,346,-1,,,,0.100172893489752,8,1841,1638,,?,SLV132 ?,SLV132 250310,,
SLV132,250310,356,-1,,,,0.5180999070789502,8,1841,1841,,?,SLV132 ?,SLV132 250310,,
SLV132,250310,373,-1,,,,2.3988362631161695,8,1841,1841,,?,SLV132 ?,SLV132 250310,,
SLV132,250310,374,-1,,,,0.4339961452744882,8,1841,1833,,?,SLV132 ?,SLV132 250310,,
SLV132,250326,7,-1,,,,0.1934179054751391,9,1021,990,,?,SLV132 ?,SLV132 250326,,
SLV132,250326,13,-1,,,,0.934733372184687,9,1021,1021,,?,SLV132 ?,SLV132 250326,,
SLV132,250326,14,-1,,,,2.4354426653295524,9,1021,1021,,?,SLV132 ?,SLV132 250326,,
SLV132,250326,15,-1,,,,0.3156522695300597,9,1021,1003,,?,SLV132 ?,SLV132 250326,,
SLV132,250326,24,-1,,,,1.6255116060244694,9,1021,1021,,?,SLV132 ?,SLV132 250326,,
SLV132,250326,28,-1,,,,0.2302936505975899,9,1021,1013,,?,SLV132 ?,SLV132 250326,,
SLV132,250326,34,-1,,,,0.7008445932325406,9,1021,1021,,?,SLV132 ?,SLV132 250326,,
SLV132,250326,49,-1,,,,1.0583030696284428,9,1021,1021,,?,SLV132 ?,SLV132 250326,,
SLV132,250326,51,-1,,,,0.30435329470145356,9,1021,1021,,?,SLV132 ?,SLV132 250326,,
SLV132,250326,55,-1,,,,3.9069800598260165,9,1021,921,,?,SLV132 ?,SLV132 250326,,
SLV132,250326,62,-1,,,,0.41652129936361604,9,1021,1019,,?,SLV132 ?,SLV132 250326,,
SLV132,250326,66,-1,,,,0.370195502566331,9,1021,1020,,?,SLV132 ?,SLV132 250326,,
SLV132,250326,71,-1,,,,3.3066963425680713,9,1021,1021,,?,SLV132 ?,SLV132 250326,,
SLV132,250326,72,-1,,,,0.33003278294828564,9,1021,1021,,?,SLV132 ?,SLV132 250326,,
SLV132,250326,84,-1,,,,0.799556546053363,9,1021,1021,,?,SLV132 ?,SLV132 250326,,
SLV132,250326,88,-1,,,,1.3493030304415439,9,1021,1021,,?,SLV132 ?,SLV132 250326,,
SLV132,250326,135,-1,,,,0.9227153716851696,9,1021,1020,,?,SLV132 ?,SLV132 250326,,
SLV132,250326,137,-1,,,,0.6474312576791299,9,1021,1021,,?,SLV132 ?,SLV132 250326,,
SLV132,250326,144,-1,,,,0.7137870553089439,9,1021,1021,,?,SLV132 ?,SLV132 250326,,
SLV132,250326,151,-1,,,,0.7111163885312735,9,1021,1021,,?,SLV132 ?,SLV132 250326,,
SLV132,250326,164,-1,,,,1.9560579787376917,9,1021,1021,,?,SLV132 ?,SLV132 250326,,
SLV132,250326,167,-1,,,,0.25525411317351077,9,1021,1021,,?,SLV132 ?,SLV132 250326,,
SLV132,250326,168,-1,,,,1.6225327853878369,9,1021,1021,,?,SLV132 ?,SLV132 250326,,
SLV132,250326,188,-1,,,,1.9569824403145777,9,1021,1021,,?,SLV132 ?,SLV132 250326,,
SLV132,250326,292,-1,,,,3.5371954290716356,9,1021,1021,,?,SLV132 ?,SLV132 250326,,
SLV132,250326,296,-1,,,,0.28062544756138075,9,1021,1019,,?,SLV132 ?,SLV132 250326,,
SLV132,250326,302,-1,,,,0.1607535964251687,9,1021,1008,,?,SLV132 ?,SLV132 250326,,
SLV132,250326,304,-1,,,,1.3804265701967042,9,1021,1021,,?,SLV132 ?,SLV132 250326,,
SLV132,250326,310,-1,,,,0.6026462301766548,9,1021,1021,,?,SLV132 ?,SLV132 250326,,
SLV132,250326,312,-1,,,,0.6073712560140719,9,1021,1021,,?,SLV132 ?,SLV132 250326,,
SLV132,250326,314,-1,,,,2.004335416641736,9,1021,1021,,?,SLV132 ?,SLV132 250326,,
SLV132,250326,316,-1,,,,0.8419790606371296,9,1021,1021,,?,SLV132 ?,SLV132 250326,,
SLV132,250326,318,-1,,,,0.4810281738396582,9,1021,1021,,?,SLV132 ?,SLV132 250326,,
SLV132,250326,320,-1,,,,0.27518139605305236,9,1021,1018,,?,SLV132 ?,SLV132 250326,,
SLV132,250326,322,-1,,,,1.9062397715388375,9,1021,1021,,?,SLV132 ?,SLV132 250326,,
SLV132,250326,327,-1,,,,1.9237018235466834,9,1021,1021,,?,SLV132 ?,SLV132 250326,,
SLV132,250326,328,-1,,,,0.2453931896867272,9,1021,964,,?,SLV132 ?,SLV132 250326,,
SLV132,250326,329,-1,,,,0.17646944323222993,9,1021,977,,?,SLV132 ?,SLV132 250326,,
SLV132,250326,330,-1,,,,0.9213800382963343,9,1021,1015,,?,SLV132 ?,SLV132 250326,,
SLV132,250326,348,-1,,,,0.43059365892288,9,1021,992,,?,SLV132 ?,SLV132 250326,,
SLV132,250326,350,-1,,,,0.8191756750739427,9,1021,1021,,?,SLV132 ?,SLV132 250326,,
SLV132,250326,352,-1,,,,0.1316844157297548,9,1021,941,,?,SLV132 ?,SLV132 250326,,
SLV132,250326,353,-1,,,,2.4084278436938855,9,1021,1021,,?,SLV132 ?,SLV132 250326,,
SLV132,250326,354,-1,,,,0.5639215619004321,9,1021,1021,,?,SLV132 ?,SLV132 250326,,
SLV132,250326,356,-1,,,,2.1507084996486787,9,1021,1021,,?,SLV132 ?,SLV132 250326,,
SLV132,250326,358,-1,,,,1.2360051282965208,9,1021,1021,,?,SLV132 ?,SLV132 250326,,
SLV132,250326,360,-1,,,,2.1496813201188054,9,1021,1021,,?,SLV132 ?,SLV132 250326,,
SLV132,250326,362,-1,,,,0.8437252658379142,9,1021,1021,,?,SLV132 ?,SLV132 250326,,
SLV132,250326,398,-1,,,,0.21837836805105987,9,1021,875,,?,SLV132 ?,SLV132 250326,,
SLV132,250326,408,-1,,,,0.46592863475052093,9,1021,1021,,?,SLV132 ?,SLV132 250326,,
SLV132,250326,409,-1,,,,1.0034516827332096,9,1021,1021,,?,SLV132 ?,SLV132 250326,,
SLV132,250326,410,-1,,,,0.7330980304705617,9,1021,1021,,?,SLV132 ?,SLV132 250326,,
SLV132,250328,14,-1,,,,0.561101370316789,10,892,883,,?,SLV132 ?,SLV132 250328,,
SLV132,250328,15,-1,,,,0.9213897621078663,10,892,892,,?,SLV132 ?,SLV132 250328,,
SLV132,250328,35,-1,,,,0.18767468259025286,10,892,816,,?,SLV132 ?,SLV132 250328,,
SLV132,250328,36,-1,,,,0.3710767486161289,10,892,874,,?,SLV132 ?,SLV132 250328,,
SLV132,250328,37,-1,,,,0.679559664564137,10,892,892,,?,SLV132 ?,SLV132 250328,,
SLV132,250328,52,-1,,,,0.4118802368059277,10,892,891,,?,SLV132 ?,SLV132 250328,,
SLV132,250328,63,-1,,,,0.17560454079588828,10,892,890,,?,SLV132 ?,SLV132 250328,,
SLV132,250328,67,-1,,,,0.408141697312098,10,892,892,,?,SLV132 ?,SLV132 250328,,
SLV132,250328,70,-1,,,,1.5516007053534508,10,892,867,,?,SLV132 ?,SLV132 250328,,
SLV132,250328,71,-1,,,,0.6467673324325447,10,892,884,,?,SLV132 ?,SLV132 250328,,
SLV132,250328,74,-1,,,,0.23723703473702423,10,892,862,,?,SLV132 ?,SLV132 250328,,
SLV132,250328,92,-1,,,,0.8824021359579276,10,892,892,,?,SLV132 ?,SLV132 250328,,
SLV132,250328,104,-1,,,,1.9937097043523444,10,892,892,,?,SLV132 ?,SLV132 250328,,
SLV132,250328,106,-1,,,,0.22634186249786328,10,892,883,,?,SLV132 ?,SLV132 250328,,
SLV132,250328,116,-1,,,,0.7111770271405257,10,892,892,,?,SLV132 ?,SLV132 250328,,
SLV132,250328,123,-1,,,,0.5322612085072453,10,892,892,,?,SLV132 ?,SLV132 250328,,
SLV132,250328,125,-1,,,,0.7690709815878318,10,892,892,,?,SLV132 ?,SLV132 250328,,
SLV132,250328,134,-1,,,,3.251461205490778,10,892,892,,?,SLV132 ?,SLV132 250328,,
SLV132,250328,136,-1,,,,0.8154288713113206,10,892,892,,?,SLV132 ?,SLV132 250328,,
SLV132,250328,140,-1,,,,0.4368750437075323,10,892,892,,?,SLV132 ?,SLV132 250328,,
SLV132,250328,144,-1,,,,0.5754146358074514,10,892,891,,?,SLV132 ?,SLV132 250328,,
SLV132,250328,148,-1,,,,0.38004924340132024,10,892,892,,?,SLV132 ?,SLV132 250328,,
SLV132,250328,155,-1,,,,1.1304275275200033,10,892,892,,?,SLV132 ?,SLV132 250328,,
SLV132,250328,162,-1,,,,0.3631724079720317,10,892,892,,?,SLV132 ?,SLV132 250328,,
SLV132,250328,168,-1,,,,0.7825297237656189,10,892,892,,?,SLV132 ?,SLV132 250328,,
SLV132,250328,178,-1,,,,0.6424947158681679,10,892,892,,?,SLV132 ?,SLV132 250328,,
SLV132,250328,202,-1,,,,0.6970773924780821,10,892,885,,?,SLV132 ?,SLV132 250328,,
SLV132,250328,206,-1,,,,0.13170340559691618,10,892,864,,?,SLV132 ?,SLV132 250328,,
SLV132,250328,213,-1,,,,7.318244466878768,10,892,892,,?,SLV132 ?,SLV132 250328,,
SLV132,250328,215,-1,,,,0.33913893979741194,10,892,882,,?,SLV132 ?,SLV132 250328,,
SLV132,250328,218,-1,,,,0.6670622611133347,10,892,887,,?,SLV132 ?,SLV132 250328,,
SLV132,250328,222,-1,,,,0.8866747525223044,10,892,892,,?,SLV132 ?,SLV132 250328,,
SLV132,250328,223,-1,,,,0.5576832770652875,10,892,892,,?,SLV132 ?,SLV132 250328,,
SLV132,250328,238,-1,,,,0.7581758093486709,10,892,892,,?,SLV132 ?,SLV132 250328,,
SLV132,250328,239,-1,,,,1.05907483089491,10,892,892,,?,SLV132 ?,SLV132 250328,,
SLV132,250328,243,-1,,,,1.4261994091889905,10,892,892,,?,SLV132 ?,SLV132 250328,,
SLV132,250328,244,-1,,,,2.3648932683825827,10,892,892,,?,SLV132 ?,SLV132 250328,,
SLV132,250328,249,-1,,,,0.850784773381539,10,892,892,,?,SLV132 ?,SLV132 250328,,
SLV132,250328,253,-1,,,,34.807084472524174,10,892,892,,?,SLV132 ?,SLV132 250328,,
SLV132,250328,256,-1,,,,1.1196391706949518,10,892,892,,?,SLV132 ?,SLV132 250328,,
SLV132,250328,257,-1,,,,1.2971663889448097,10,892,892,,?,SLV132 ?,SLV132 250328,,
SLV132,250328,258,-1,,,,1.9222501923131419,10,892,892,,?,SLV132 ?,SLV132 250328,,
SLV132,250328,270,-1,,,,3.877079085929657,10,892,892,,?,SLV132 ?,SLV132 250328,,
SLV132,250328,277,-1,,,,1.671874861640659,10,892,892,,?,SLV132 ?,SLV132 250328,,
SLV132,250328,295,-1,,,,3.2117258714420736,10,892,892,,?,SLV132 ?,SLV132 250328,,
SLV132,250328,298,-1,,,,4.402824554176228,10,892,892,,?,SLV132 ?,SLV132 250328,,
SLV132,250328,300,-1,,,,3.980262775959358,10,892,892,,?,SLV132 ?,SLV132 250328,,
SLV132,250328,308,-1,,,,10.519609243152226,10,892,892,,?,SLV132 ?,SLV132 250328,,
SLV132,250328,310,-1,,,,42.94139870319893,10,892,892,,?,SLV132 ?,SLV132 250328,,
SLV132,250328,314,-1,,,,3.2550929295704982,10,892,892,,?,SLV132 ?,SLV132 250328,,
SLV132,250328,316,-1,,,,0.13950093082690396,10,892,851,,?,SLV132 ?,SLV132 250328,,
SLV132,250328,318,-1,,,,1.6506185942328842,10,892,892,,?,SLV132 ?,SLV132 250328,,
SLV132,250328,326,-1,,,,0.4517223862687418,10,892,892,,?,SLV132 ?,SLV132 250328,,
SLV132,250328,328,-1,,,,4.362875589299304,10,892,892,,?,SLV132 ?,SLV132 250328,,
SLV132,250328,336,-1,,,,1.927056885948066,10,892,892,,?,SLV132 ?,SLV132 250328,,
SLV132,250328,338,-1,,,,0.5856689155619559,10,892,892,,?,SLV132 ?,SLV132 250328,,
SLV132,250328,342,-1,,,,0.5844939460067522,10,892,892,,?,SLV132 ?,SLV132 250328,,
SLV132,250328,344,-1,,,,6.169337872717834,10,892,892,,?,SLV132 ?,SLV132 250328,,
SLV132,250328,350,-1,,,,0.47532859278692385,10,892,892,,?,SLV132 ?,SLV132 250328,,
SLV132,250328,352,-1,,,,1.7131056114868954,10,892,892,,?,SLV132 ?,SLV132 250328,,
SLV132,250328,360,-1,,,,0.8334806762958128,10,892,892,,?,SLV132 ?,SLV132 250328,,
SLV132,250328,366,-1,,,,0.19867667024352323,10,892,689,,?,SLV132 ?,SLV132 250328,,
SLV132,250328,367,-1,,,,0.6898139443186414,10,892,892,,?,SLV132 ?,SLV132 250328,,
SLV132,250328,376,-1,,,,46.589679172106194,10,892,892,,?,SLV132 ?,SLV132 250328,,
SLV132,250328,382,-1,,,,32.81519063021169,10,892,892,,?,SLV132 ?,SLV132 250328,,
SLV132,250328,386,-1,,,,0.4288638876493257,10,892,892,,?,SLV132 ?,SLV132 250328,,
SLV132,250328,388,-1,,,,0.1550959812868794,10,892,768,,?,SLV132 ?,SLV132 250328,,
SLV132,250328,392,-1,,,,1.2276295543595765,10,892,892,,?,SLV132 ?,SLV132 250328,,
SLV132,250328,398,-1,,,,1.5887724694635292,10,892,892,,?,SLV132 ?,SLV132 250328,,
SLV132,250328,399,-1,,,,0.2842358169451696,10,892,781,,?,SLV132 ?,SLV132 250328,,
SLV132,250328,400,-1,,,,1.5778772972243684,10,892,892,,?,SLV132 ?,SLV132 250328,,
SLV132,250328,402,-1,,,,0.77494582936385,10,892,892,,?,SLV132 ?,SLV132 250328,,
SLV132,250328,405,-1,,,,0.8269649360351381,10,892,892,,?,SLV132 ?,SLV132 250328,,
SLV132,250328,409,-1,,,,1.3947956774408206,10,892,892,,?,SLV132 ?,SLV132 250328,,
SLV132,250328,415,-1,,,,0.1788090032191709,10,892,816,,?,SLV132 ?,SLV132 250328,,
SLV132,250328,422,-1,,,,0.31777585697552774,10,892,892,,?,SLV132 ?,SLV132 250328,,
SLV132,250328,423,-1,,,,0.5680443722339014,10,892,892,,?,SLV132 ?,SLV132 250328,,
SLV132,250328,425,-1,,,,1.484947886949172,10,892,892,,?,SLV132 ?,SLV132 250328,,
SLV132,250328,442,-1,,,,1.7280597694622144,10,892,892,,?,SLV132 ?,SLV132 250328,,
SLV132,250328,448,-1,,,,0.20935821165446533,10,892,883,,?,SLV132 ?,SLV132 250328,,
SLV132,250328,450,-1,,,,0.7268788930146105,10,892,892,,?,SLV132 ?,SLV132 250328,,
SLV132,250328,452,-1,,,,0.4084621435544262,10,892,866,,?,SLV132 ?,SLV132 250328,,
SLV132,250328,456,-1,,,,0.6546716730766419,10,892,892,,?,SLV132 ?,SLV132 250328,,
SLV132,250328,462,-1,,,,0.7403376351923976,10,892,892,,?,SLV132 ?,SLV132 250328,,
SLV132,250328,466,-1,,,,0.5059846166363277,10,892,892,,?,SLV132 ?,SLV132 250328,,
SLV132,250328,470,-1,,,,0.4899623045199145,10,892,891,,?,SLV132 ?,SLV132 250328,,
SLV132,250328,472,-1,,,,0.30068539071802036,10,892,838,,?,SLV132 ?,SLV132 250328,,
SLV132,250328,473,-1,,,,0.20262884056557182,10,892,819,,?,SLV132 ?,SLV132 250328,,
SLV132,250328,474,-1,,,,0.2577455942460331,10,892,858,,?,SLV132 ?,SLV132 250328,,
SLV132,250328,475,-1,,,,0.525104575761914,10,892,891,,?,SLV132 ?,SLV132 250328,,
SLV132,250328,478,-1,,,,0.35687029853957586,10,892,856,,?,SLV132 ?,SLV132 250328,,
SLV132,250328,482,-1,,,,0.1416372391090924,10,892,745,,?,SLV132 ?,SLV132 250328,,
SLV132,250328,484,-1,,,,0.17795447990629554,10,892,815,,?,SLV132 ?,SLV132 250328,,
SLV132,250328,485,-1,,,,1.4774708079615124,10,892,890,,?,SLV132 ?,SLV132 250328,,
SLV132,250328,490,-1,,,,0.16855472346466646,10,892,840,,?,SLV132 ?,SLV132 250328,,
SLV132,250328,491,-1,,,,0.29000384930707834,10,892,818,,?,SLV132 ?,SLV132 250328,,
SLV132,250328,499,-1,,,,0.5179479430165829,10,892,889,,?,SLV132 ?,SLV132 250328,,
SLV132,250328,500,-1,,,,1.1556359652498267,10,892,892,,?,SLV132 ?,SLV132 250328,,
SLV132,250328,515,-1,,,,0.44392486103875406,10,892,891,,?,SLV132 ?,SLV132 250328,,
SLV132,250328,519,-1,,,,0.23050766364813072,10,892,850,,?,SLV132 ?,SLV132 250328,,
SLV132,250328,523,-1,,,,0.38528319869268185,10,892,889,,?,SLV132 ?,SLV132 250328,,
SLV132,250328,525,-1,,,,0.5134616956239871,10,892,881,,?,SLV132 ?,SLV132 250328,,
SLV132,250328,527,-1,,,,0.1352283142625271,10,892,521,,?,SLV132 ?,SLV132 250328,,
SLV132,250328,540,-1,,,,0.2999376828192544,10,892,877,,?,SLV132 ?,SLV132 250328,,
SLV132,250328,541,-1,,,,0.20455151801954138,10,892,882,,?,SLV132 ?,SLV132 250328,,
SLV132,250328,543,-1,,,,0.8261104127222627,10,892,871,,?,SLV132 ?,SLV132 250328,,
IND67,250918,2,-1,,,,0.1298674383349059,11,944,867,,?,IND67 ?,IND67 250918,,
IND67,250918,194,-1,,,,0.23556288639149747,11,944,903,,?,IND67 ?,IND67 250918,,
IND67,250918,214,-1,,,,0.3593873271568248,11,944,807,,?,IND67 ?,IND67 250918,,
IND67,250918,220,-1,,,,0.765294333717198,11,944,907,,?,IND67 ?,IND67 250918,,
IND67,250918,222,-1,,,,1.6262504591490459,11,944,759,,?,IND67 ?,IND67 250918,,
IND67,250918,234,-1,,,,0.14571605460229128,11,944,755,,?,IND67 ?,IND67 250918,,
IND67,250918,244,-1,,,,0.6700886172908184,11,944,428,,?,IND67 ?,IND67 250918,,
IND67,250918,246,-1,,,,0.28196854697297835,11,944,788,,?,IND67 ?,IND67 250918,,
IND67,250918,248,-1,,,,0.6673521655611979,11,944,714,,?,IND67 ?,IND67 250918,,
IND67,250918,254,-1,,,,0.5369146331159543,11,944,587,,?,IND67 ?,IND67 250918,,
IND67,250918,260,-1,,,,0.282766678727451,11,944,601,,?,IND67 ?,IND67 250918,,
IND67,250918,303,-1,,,,2.601453444292549,11,944,880,,?,IND67 ?,IND67 250918,,
IND67,250925,68,-1,,,,13.992225270431765,12,1876,1876,,?,IND67 ?,IND67 250925,,
IND67,250925,99,-1,,,,0.6902347763189671,12,1876,1876,,?,IND67 ?,IND67 250925,,
IND67,250925,401,-1,,,,0.2889479779480776,12,1876,1811,,?,IND67 ?,IND67 250925,,
IND67,250925,547,-1,,,,0.42939388172767284,12,1876,1876,,?,IND67 ?,IND67 250925,,
IND67,250925,571,-1,,,,0.6452992481498423,12,1876,1876,,?,IND67 ?,IND67 250925,,
IND67,250925,589,-1,,,,0.9474056377331018,12,1876,1862,,?,IND67 ?,IND67 250925,,
IND67,250925,622,-1,,,,0.1579904526265046,12,1876,1847,,?,IND67 ?,IND67 250925,,
IND67,250929,30,-1,,,,0.3020621409296471,13,2436,2401,,?,IND67 ?,IND67 250929,,
IND67,250929,39,-1,,,,0.153397825619518,13,2436,2023,,?,IND67 ?,IND67 250929,,
IND67,250929,61,-1,,,,0.31554061096316127,13,2436,2357,,?,IND67 ?,IND67 250929,,
IND67,250929,72,-1,,,,0.10887073711594453,13,2436,2010,,?,IND67 ?,IND67 250929,,
IND67,250929,73,-1,,,,0.3313457216572225,13,2436,2365,,?,IND67 ?,IND67 250929,,
IND67,250929,75,-1,,,,0.4735917179037734,13,2436,994,,?,IND67 ?,IND67 250929,,
IND67,250929,77,-1,,,,0.4830587385225512,13,2436,752,,?,IND67 ?,IND67 250929,,
IND67,250929,81,-1,,,,1.8783210739561484,13,2436,2436,,?,IND67 ?,IND67 250929,,
IND67,250929,97,-1,,,,1.4478123227666433,13,2436,2341,,?,IND67 ?,IND67 250929,,
IND67,250929,124,-1,,,,0.11528905617952269,13,2436,1806,,?,IND67 ?,IND67 250929,,
IND67,250929,244,-1,,,,1.9902405126272926,13,2436,2295,,?,IND67 ?,IND67 250929,,
IND67,250929,254,-1,,,,1.1856239890194755,13,2436,2436,,?,IND67 ?,IND67 250929,,
IND67,250929,384,-1,,,,0.14336920208267714,13,2436,1880,,?,IND67 ?,IND67 250929,,
IND67,250929,432,-1,,,,0.15492217639711783,13,2436,1605,,?,IND67 ?,IND67 250929,,
IND67,250929,448,-1,,,,0.3409732002525897,13,2436,2416,,?,IND67 ?,IND67 250929,,
IND67,250929,450,-1,,,,0.8335791883822135,13,2436,2434,,?,IND67 ?,IND67 250929,,
IND67,250929,452,-1,,,,0.31955206037789763,13,2436,2330,,?,IND67 ?,IND67 250929,,
IND67,250929,456,-1,,,,0.7190924220856381,13,2436,2286,,?,IND67 ?,IND67 250929,,
IND67,250929,461,-1,,,,0.1765840032366941,13,2436,2364,,?,IND67 ?,IND67 250929,,
IND67,250929,469,-1,,,,0.23828009523533916,13,2436,2371,,?,IND67 ?,IND67 250929,,
IND67,250929,473,-1,,,,5.475066848197054,13,2436,2250,,?,IND67 ?,IND67 250929,,
IND67,250929,477,-1,,,,0.5489267379125221,13,2436,2405,,?,IND67 ?,IND67 250929,,
IND67,250929,478,-1,,,,0.10445814275973456,13,2436,1723,,?,IND67 ?,IND67 250929,,
IND67,250929,481,-1,,,,0.18958109934043985,13,2436,1753,,?,IND67 ?,IND67 250929,,
IND67,250929,493,-1,,,,0.130773250920405,13,2436,2050,,?,IND67 ?,IND67 250929,,
IND67,250929,499,-1,,,,0.12299103905581647,13,2436,2036,,?,IND67 ?,IND67 250929,,
IND67,250929,505,-1,,,,3.196563580626808,13,2436,2250,,?,IND67 ?,IND67 250929,,
IND67,250929,533,-1,,,,0.11280195754238616,13,2436,529,,?,IND67 ?,IND67 250929,,
IND67,250929,537,-1,,,,0.11464722427316486,13,2436,2103,,?,IND67 ?,IND67 250929,,
IND67,250929,575,-1,,,,0.2045036911632591,13,2436,2317,,?,IND67 ?,IND67 250929,,
IND67,251001,83,-1,,,,1.958875850308317,14,1434,1434,,?,IND67 ?,IND67 251001,,
IND67,251001,88,-1,,,,4.780052566815354,14,1434,1434,,?,IND67 ?,IND67 251001,,
IND67,251001,100,-1,,,,0.25917547002957636,14,1434,1391,,?,IND67 ?,IND67 251001,,
IND67,251001,102,-1,,,,0.7477729562704273,14,1434,1434,,?,IND67 ?,IND67 251001,,
IND67,251001,138,-1,,,,0.5196326273005565,14,1434,1364,,?,IND67 ?,IND67 251001,,
IND67,251001,144,-1,,,,0.6056887706519524,14,1434,1434,,?,IND67 ?,IND67 251001,,
IND67,251001,312,-1,,,,1.2920322884236706,14,1434,1434,,?,IND67 ?,IND67 251001,,
IND67,251001,317,-1,,,,0.12221803337671651,14,1434,1271,,?,IND67 ?,IND67 251001,,
IND67,251001,325,-1,,,,5.097819453594819,14,1434,1434,,?,IND67 ?,IND67 251001,,
IND67,251001,332,-1,,,,0.22530230722104821,14,1434,1433,,?,IND67 ?,IND67 251001,,
IND67,251001,339,-1,,,,13.740785816912464,14,1434,1434,,?,IND67 ?,IND67 251001,,
IND67,251001,359,-1,,,,1.2981660773646742,14,1434,1434,,?,IND67 ?,IND67 251001,,
IND67,251001,363,-1,,,,0.550393121094247,14,1434,1419,,?,IND67 ?,IND67 251001,,
IND67,251001,369,-1,,,,0.15352782170243714,14,1434,1250,,?,IND67 ?,IND67 251001,,
IND67,251001,379,-1,,,,1.189497309111369,14,1434,857,,?,IND67 ?,IND67 251001,,
IND67,251001,391,-1,,,,0.5762099640996657,14,1434,1425,,?,IND67 ?,IND67 251001,,
IND67,251001,399,-1,,,,0.10235188113495809,14,1434,1255,,?,IND67 ?,IND67 251001,,
IND67,251001,405,-1,,,,0.32051335943961384,14,1434,1434,,?,IND67 ?,IND67 251001,,
IND67,251001,409,-1,,,,0.25935856820691977,14,1434,1388,,?,IND67 ?,IND67 251001,,
IND67,251001,411,-1,,,,0.12075324795796936,14,1434,1305,,?,IND67 ?,IND67 251001,,
IND67,251001,415,-1,,,,0.7540898433887745,14,1434,1336,,?,IND67 ?,IND67 251001,,
IND67,251001,419,-1,,,,0.6432238970073485,14,1434,1434,,?,IND67 ?,IND67 251001,,
IND67,251001,421,-1,,,,0.40702724823436826,14,1434,1418,,?,IND67 ?,IND67 251001,,
IND67,251001,423,-1,,,,7.367046714500192,14,1434,1434,,?,IND67 ?,IND67 251001,,
IND67,251001,425,-1,,,,1.9766363735106263,14,1434,1434,,?,IND67 ?,IND67 251001,,
IND67,251001,427,-1,,,,0.6958646229935747,14,1434,1434,,?,IND67 ?,IND67 251001,,
IND67,251001,433,-1,,,,0.5690691351832733,14,1434,1433,,?,IND67 ?,IND67 251001,,
IND67,251001,441,-1,,,,0.44804123995928885,14,1434,1428,,?,IND67 ?,IND67 251001,,
IND67,251001,452,-1,,,,0.2257600526644067,14,1434,1106,,?,IND67 ?,IND67 251001,,
IND67,251001,457,-1,,,,1.6414751598835409,14,1434,1434,,?,IND67 ?,IND67 251001,,
IND67,251001,465,-1,,,,0.23940086687648962,14,1434,1222,,?,IND67 ?,IND67 251001,,
IND67,251001,477,-1,,,,0.2751965605471235,14,1434,1411,,?,IND67 ?,IND67 251001,,
IND67,251001,490,-1,,,,1.2051522032742292,14,1434,1434,,?,IND67 ?,IND67 251001,,
IND67,251001,496,-1,,,,0.1917953407672068,14,1434,1258,,?,IND67 ?,IND67 251001,,
IND67,251001,498,-1,,,,0.6646463837565257,14,1434,1278,,?,IND67 ?,IND67 251001,,
IND67,251001,500,-1,,,,0.326830246557961,14,1434,1420,,?,IND67 ?,IND67 251001,,
IND67,251001,542,-1,,,,0.13686588756418816,14,1434,1332,,?,IND67 ?,IND67 251001,,
IND67,251001,554,-1,,,,3.1409576832372785,14,1434,1208,,?,IND67 ?,IND67 251001,,
IND67,251001,594,-1,,,,8.77754352366504,14,1434,1414,,?,IND67 ?,IND67 251001,,
IND67,251001,642,-1,,,,0.1056476483271392,14,1434,1302,,?,IND67 ?,IND67 251001,,
IND67,251001,647,-1,,,,0.3851470160418325,14,1434,1400,,?,IND67 ?,IND67 251001,,
IND67,251001,709,-1,,,,0.12331662244077687,14,1434,1259,,?,IND67 ?,IND67 251001,,
IND67,251003,23,-1,,,,0.20692243442956795,15,1678,1599,,?,IND67 ?,IND67 251003,,
IND67,251003,24,-1,,,,0.3522750754520306,15,1678,1470,,?,IND67 ?,IND67 251003,,
IND67,251003,59,-1,,,,0.3460074916920259,15,1678,1674,,?,IND67 ?,IND67 251003,,
IND67,251003,66,-1,,,,0.15576789050599993,15,1678,1518,,?,IND67 ?,IND67 251003,,
IND67,251003,67,-1,,,,0.2664644801496129,15,1678,1617,,?,IND67 ?,IND67 251003,,
IND67,251003,84,-1,,,,2.4457402216430224,15,1678,1678,,?,IND67 ?,IND67 251003,,
IND67,251003,85,-1,,,,1.9531818743861802,15,1678,1678,,?,IND67 ?,IND67 251003,,
IND67,251003,92,-1,,,,3.7008238695839704,15,1678,1678,,?,IND67 ?,IND67 251003,,
IND67,251003,105,-1,,,,0.11124961174008398,15,1678,1465,,?,IND67 ?,IND67 251003,,
IND67,251003,108,-1,,,,19.075206832875573,15,1678,1678,,?,IND67 ?,IND67 251003,,
IND67,251003,109,-1,,,,5.075821142109714,15,1678,1678,,?,IND67 ?,IND67 251003,,
IND67,251003,203,-1,,,,0.27955266976609333,15,1678,1657,,?,IND67 ?,IND67 251003,,
IND67,251003,219,-1,,,,0.5361549225286399,15,1678,1678,,?,IND67 ?,IND67 251003,,
IND67,251003,221,-1,,,,0.5741291064863157,15,1678,1678,,?,IND67 ?,IND67 251003,,
IND67,251003,227,-1,,,,0.6311825527722411,15,1678,1667,,?,IND67 ?,IND67 251003,,
IND67,251003,230,-1,,,,0.1247986531036236,15,1678,1620,,?,IND67 ?,IND67 251003,,
IND67,251003,231,-1,,,,0.13244879210480584,15,1678,1538,,?,IND67 ?,IND67 251003,,
IND67,251003,232,-1,,,,0.19742888844014903,15,1678,1630,,?,IND67 ?,IND67 251003,,
IND67,251003,234,-1,,,,0.20130004311544603,15,1678,1588,,?,IND67 ?,IND67 251003,,
IND67,251003,236,-1,,,,0.14544481137187446,15,1678,1462,,?,IND67 ?,IND67 251003,,
IND67,251003,244,-1,,,,0.2768797296331502,15,1678,1546,,?,IND67 ?,IND67 251003,,
IND67,251003,260,-1,,,,0.2567865934613703,15,1678,1618,,?,IND67 ?,IND67 251003,,
IND67,251003,302,-1,,,,0.1459978334683455,15,1678,1229,,?,IND67 ?,IND67 251003,,
IND67,251003,303,-1,,,,3.058857385930544,15,1678,1635,,?,IND67 ?,IND67 251003,,
IND67,251003,310,-1,,,,12.01246946849495,15,1678,1678,,?,IND67 ?,IND67 251003,,
IND67,251003,314,-1,,,,3.5553790582120954,15,1678,1678,,?,IND67 ?,IND67 251003,,
IND67,251003,320,-1,,,,0.6142232084804636,15,1678,1678,,?,IND67 ?,IND67 251003,,
IND67,251003,322,-1,,,,0.12037447633185556,15,1678,1384,,?,IND67 ?,IND67 251003,,
IND67,251003,338,-1,,,,2.105078610216883,15,1678,1437,,?,IND67 ?,IND67 251003,,
IND67,251003,349,-1,,,,0.2588143411484307,15,1678,1653,,?,IND67 ?,IND67 251003,,
IND67,251003,351,-1,,,,0.5909041100792696,15,1678,1651,,?,IND67 ?,IND67 251003,,
IND67,251003,368,-1,,,,3.1617194958741512,15,1678,1678,,?,IND67 ?,IND67 251003,,
IND67,251003,370,-1,,,,0.5264770358403974,15,1678,885,,?,IND67 ?,IND67 251003,,
IND67,251003,378,-1,,,,0.5619626203639536,15,1678,1580,,?,IND67 ?,IND67 251003,,
IND67,251003,390,-1,,,,0.9058501940195073,15,1678,1677,,?,IND67 ?,IND67 251003,,
IND67,251003,397,-1,,,,0.11226348558361414,15,1678,1155,,?,IND67 ?,IND67 251003,,
IND67,251003,398,-1,,,,5.996695103083351,15,1678,1678,,?,IND67 ?,IND67 251003,,
IND67,251003,408,-1,,,,0.943824377977183,15,1678,1678,,?,IND67 ?,IND67 251003,,
IND67,251003,409,-1,,,,4.942450646510789,15,1678,1678,,?,IND67 ?,IND67 251003,,
IND67,251003,413,-1,,,,0.8852040357512564,15,1678,1678,,?,IND67 ?,IND67 251003,,
IND67,251003,417,-1,,,,1.0688995421290421,15,1678,1678,,?,IND67 ?,IND67 251003,,
IND67,251003,421,-1,,,,0.29006008959904245,15,1678,1657,,?,IND67 ?,IND67 251003,,
IND67,251003,429,-1,,,,0.9399532233018859,15,1678,1676,,?,IND67 ?,IND67 251003,,
IND67,251003,431,-1,,,,0.8166292957888517,15,1678,1678,,?,IND67 ?,IND67 251003,,
IND67,251003,435,-1,,,,1.6541812608941897,15,1678,1678,,?,IND67 ?,IND67 251003,,
IND67,251003,437,-1,,,,2.25669883499935,15,1678,1678,,?,IND67 ?,IND67 251003,,
IND67,251003,443,-1,,,,0.3009361908296389,15,1678,1420,,?,IND67 ?,IND67 251003,,
IND67,251003,445,-1,,,,0.16599879929071357,15,1678,1213,,?,IND67 ?,IND67 251003,,
IND67,251003,449,-1,,,,0.2514407131954839,15,1678,1574,,?,IND67 ?,IND67 251003,,
IND67,251003,453,-1,,,,5.28016280675575,15,1678,1678,,?,IND67 ?,IND67 251003,,
IND67,251003,465,-1,,,,0.39918978330265426,15,1678,1678,,?,IND67 ?,IND67 251003,,
IND67,251003,475,-1,,,,0.3465605137884969,15,1678,1657,,?,IND67 ?,IND67 251003,,
IND67,251003,496,-1,,,,0.26904524993314427,15,1678,1644,,?,IND67 ?,IND67 251003,,
IND67,251003,502,-1,,,,0.31771119442259277,15,1678,1665,,?,IND67 ?,IND67 251003,,
IND67,251003,504,-1,,,,0.2072911158272153,15,1678,1405,,?,IND67 ?,IND67 251003,,
IND67,251003,507,-1,,,,0.5047248333792045,15,1678,1232,,?,IND67 ?,IND67 251003,,
IND67,251003,519,-1,,,,0.1766905598224863,15,1678,1632,,?,IND67 ?,IND67 251003,,
IND67,251003,521,-1,,,,0.1253516752000946,15,1678,1507,,?,IND67 ?,IND67 251003,,
IND67,251003,551,-1,,,,0.32858729565318917,15,1678,1673,,?,IND67 ?,IND67 251003,,
IND67,251003,563,-1,,,,0.12387694960950525,15,1678,1308,,?,IND67 ?,IND67 251003,,
IND67,251003,574,-1,,,,2.034936974314477,15,1678,1678,,?,IND67 ?,IND67 251003,,
IND67,251006,6,-1,,,,0.3275090422063669,16,1373,1300,,?,IND67 ?,IND67 251006,,
IND67,251006,42,-1,,,,0.2765296975207521,16,1373,1276,,?,IND67 ?,IND67 251006,,
IND67,251006,49,-1,,,,0.2719193915665748,16,1373,1362,,?,IND67 ?,IND67 251006,,
IND67,251006,50,-1,,,,2.1352809346232107,16,1373,1373,,?,IND67 ?,IND67 251006,,
IND67,251006,65,-1,,,,0.16304524326407924,16,1373,1333,,?,IND67 ?,IND67 251006,,
IND67,251006,70,-1,,,,0.13884113700464823,16,1373,1193,,?,IND67 ?,IND67 251006,,
IND67,251006,73,-1,,,,0.24558745178983118,16,1373,1353,,?,IND67 ?,IND67 251006,,
IND67,251006,79,-1,,,,3.4884943919041467,16,1373,1373,,?,IND67 ?,IND67 251006,,
IND67,251006,81,-1,,,,0.1165875448027538,16,1373,1213,,?,IND67 ?,IND67 251006,,
IND67,251006,93,-1,,,,2.285115878133974,16,1373,1373,,?,IND67 ?,IND67 251006,,
IND67,251006,256,-1,,,,2.0863407637250204,16,1373,1373,,?,IND67 ?,IND67 251006,,
IND67,251006,261,-1,,,,1.3573804645856733,16,1373,1373,,?,IND67 ?,IND67 251006,,
IND67,251006,306,-1,,,,1.6210545012726616,16,1373,1167,,?,IND67 ?,IND67 251006,,
IND67,251006,361,-1,,,,0.5014594322466732,16,1373,1373,,?,IND67 ?,IND67 251006,,
IND67,251006,365,-1,,,,0.13139371969405406,16,1373,523,,?,IND67 ?,IND67 251006,,
IND67,251006,368,-1,,,,0.30623070703324073,16,1373,1346,,?,IND67 ?,IND67 251006,,
IND67,251008,286,-1,,,,0.3042043026668734,17,1962,1961,,?,IND67 ?,IND67 251008,,
IND67,251008,301,-1,,,,16.871972003897834,17,1962,1962,,?,IND67 ?,IND67 251008,,
IND67,251008,308,-1,,,,1.0135834938395625,17,1962,1962,,?,IND67 ?,IND67 251008,,
IND67,251008,309,-1,,,,2.327721751098808,17,1962,1962,,?,IND67 ?,IND67 251008,,
IND67,251008,313,-1,,,,1.545807967388204,17,1962,1962,,?,IND67 ?,IND67 251008,,
IND67,251008,319,-1,,,,0.15738638003509822,17,1962,1931,,?,IND67 ?,IND67 251008,,
IND67,251008,386,-1,,,,3.557540445334418,17,1962,1957,,?,IND67 ?,IND67 251008,,
IND67,251008,388,-1,,,,1.3994462371623275,17,1962,1962,,?,IND67 ?,IND67 251008,,
IND67,251008,400,-1,,,,0.3873833846757611,17,1962,1953,,?,IND67 ?,IND67 251008,,
IND67,251008,402,-1,,,,0.4745921662700885,17,1962,1962,,?,IND67 ?,IND67 251008,,
IND67,251008,406,-1,,,,0.5070578591565557,17,1962,1962,,?,IND67 ?,IND67 251008,,
IND67,251008,416,-1,,,,0.9393001637457022,17,1962,1960,,?,IND67 ?,IND67 251008,,
IND67,251008,446,-1,,,,0.19844369656599342,17,1962,1935,,?,IND67 ?,IND67 251008,,
IND67,251008,448,-1,,,,0.7300599135734364,17,1962,1962,,?,IND67 ?,IND67 251008,,
IND67,251008,452,-1,,,,5.22173034205337,17,1962,1962,,?,IND67 ?,IND67 251008,,
IND67,251008,454,-1,,,,0.4044145678293176,17,1962,1962,,?,IND67 ?,IND67 251008,,
IND67,251008,462,-1,,,,0.5610406271879178,17,1962,1962,,?,IND67 ?,IND67 251008,,
IND67,251008,468,-1,,,,1.0107703073365197,17,1962,1900,,?,IND67 ?,IND67 251008,,
IND67,251008,472,-1,,,,2.5684392772780935,17,1962,1962,,?,IND67 ?,IND67 251008,,
IND67,251008,540,-1,,,,0.3177380107085389,17,1962,1956,,?,IND67 ?,IND67 251008,,
IND67,251008,546,-1,,,,0.23364654388785355,17,1962,1953,,?,IND67 ?,IND67 251008,,
IND67,251010,77,-1,,,,1.0288322828193297,18,1469,1469,,?,IND67 ?,IND67 251010,,
IND67,251010,93,-1,,,,1.1902526910391302,18,1469,1469,,?,IND67 ?,IND67 251010,,
IND67,251010,102,-1,,,,3.045101921687513,18,1469,1469,,?,IND67 ?,IND67 251010,,
IND67,251010,104,-1,,,,1.6517368028822408,18,1469,1469,,?,IND67 ?,IND67 251010,,
IND67,251010,107,-1,,,,0.3099667961521323,18,1469,1469,,?,IND67 ?,IND67 251010,,
IND67,251010,108,-1,,,,1.0725049208714352,18,1469,1469,,?,IND67 ?,IND67 251010,,
IND67,251010,232,-1,,,,0.6649926633104051,18,1469,1469,,?,IND67 ?,IND67 251010,,
IND67,251010,233,-1,,,,0.10695339931127887,18,1469,1450,,?,IND67 ?,IND67 251010,,
IND67,251010,243,-1,,,,1.119049455756899,18,1469,1469,,?,IND67 ?,IND67 251010,,
IND67,251010,260,-1,,,,2.7031481366672847,18,1469,1469,,?,IND67 ?,IND67 251010,,
IND67,251010,291,-1,,,,0.3364080532040873,18,1469,1448,,?,IND67 ?,IND67 251010,,
IND67,251010,297,-1,,,,0.8481008441683261,18,1469,1469,,?,IND67 ?,IND67 251010,,
IND67,251010,299,-1,,,,0.673014168258751,18,1469,1469,,?,IND67 ?,IND67 251010,,
IND67,251010,305,-1,,,,2.414373958526832,18,1469,1469,,?,IND67 ?,IND67 251010,,
IND67,251010,307,-1,,,,0.5540780269875974,18,1469,1469,,?,IND67 ?,IND67 251010,,
IND67,251010,315,-1,,,,0.9531726558991287,18,1469,1469,,?,IND67 ?,IND67 251010,,
IND67,251010,321,-1,,,,0.40265974222190726,18,1469,1469,,?,IND67 ?,IND67 251010,,
IND67,251010,329,-1,,,,0.51941720313672,18,1469,1469,,?,IND67 ?,IND67 251010,,
IND67,251010,337,-1,,,,0.13349368728852212,18,1469,1294,,?,IND67 ?,IND67 251010,,
IND67,251010,347,-1,,,,0.5944826445051916,18,1469,1469,,?,IND67 ?,IND67 251010,,
IND67,251010,353,-1,,,,0.23282170535260796,18,1469,1394,,?,IND67 ?,IND67 251010,,
IND67,251010,373,-1,,,,0.16122234636922403,18,1469,1409,,?,IND67 ?,IND67 251010,,
IND67,251010,405,-1,,,,0.5799250984878231,18,1469,1469,,?,IND67 ?,IND67 251010,,
IND67,251010,429,-1,,,,0.26263001386436247,18,1469,1445,,?,IND67 ?,IND67 251010,,
IND67,251010,435,-1,,,,0.21103490178919931,18,1469,1385,,?,IND67 ?,IND67 251010,,
IND67,251014,33,-1,,,,0.2021144868706417,19,1186,1185,,?,IND67 ?,IND67 251014,,
IND67,251014,58,-1,,,,2.1993586127391116,19,1186,1186,,?,IND67 ?,IND67 251014,,
IND67,251014,63,-1,,,,0.3131610151331046,19,1186,1185,,?,IND67 ?,IND67 251014,,
IND67,251014,64,-1,,,,32.24933359519831,19,1186,1171,,?,IND67 ?,IND67 251014,,
IND67,251014,81,-1,,,,0.590287064141304,19,1186,1186,,?,IND67 ?,IND67 251014,,
IND67,251014,82,-1,,,,0.5564583204322094,19,1186,1186,,?,IND67 ?,IND67 251014,,
IND67,251014,237,-1,,,,0.47335727610334644,19,1186,1181,,?,IND67 ?,IND67 251014,,
IND67,251014,255,-1,,,,1.1798387208106713,19,1186,1186,,?,IND67 ?,IND67 251014,,
IND67,251014,280,-1,,,,0.5750886430546094,19,1186,1186,,?,IND67 ?,IND67 251014,,
IND67,251014,282,-1,,,,1.7903494904302386,19,1186,1186,,?,IND67 ?,IND67 251014,,
IND67,251014,288,-1,,,,3.8737588584273084,19,1186,1099,,?,IND67 ?,IND67 251014,,
IND67,251014,296,-1,,,,0.2209899453170206,19,1186,1167,,?,IND67 ?,IND67 251014,,
IND67,251014,298,-1,,,,0.28705404987934685,19,1186,1186,,?,IND67 ?,IND67 251014,,
IND67,251014,306,-1,,,,0.13506983901239974,19,1186,926,,?,IND67 ?,IND67 251014,,
IND67,251014,310,-1,,,,1.8882812521098278,19,1186,1181,,?,IND67 ?,IND67 251014,,
IND67,251014,314,-1,,,,1.1960176851932818,19,1186,1186,,?,IND67 ?,IND67 251014,,
IND67,251014,324,-1,,,,0.12845117176496818,19,1186,968,,?,IND67 ?,IND67 251014,,
IND67,251014,326,-1,,,,0.24489068815496795,19,1186,1186,,?,IND67 ?,IND67 251014,,
IND67,251014,330,-1,,,,0.22307359982084168,19,1186,1085,,?,IND67 ?,IND67 251014,,
IND67,251014,331,-1,,,,1.835454482042365,19,1186,1186,,?,IND67 ?,IND67 251014,,
IND67,251014,334,-1,,,,0.23287903277999958,19,1186,1137,,?,IND67 ?,IND67 251014,,
IND67,251014,342,-1,,,,0.15124880339501023,19,1186,1095,,?,IND67 ?,IND67 251014,,
IND67,251014,344,-1,,,,0.16019626097024178,19,1186,1105,,?,IND67 ?,IND67 251014,,
IND67,251014,346,-1,,,,0.2515093554023995,19,1186,1044,,?,IND67 ?,IND67 251014,,
IND67,251014,347,-1,,,,0.16044139679422073,19,1186,1107,,?,IND67 ?,IND67 251014,,
IND67,251014,358,-1,,,,0.5152755020037464,19,1186,1181,,?,IND67 ?,IND67 251014,,
IND67,251014,374,-1,,,,0.5250809349629042,19,1186,1186,,?,IND67 ?,IND67 251014,,
IND67,251014,376,-1,,,,0.27933227142400996,19,1186,1182,,?,IND67 ?,IND67 251014,,
IND67,251014,382,-1,,,,0.19316702929541013,19,1186,1095,,?,IND67 ?,IND67 251014,,
IND67,251016,40,-1,,,,0.3694886769288746,20,1334,1327,,?,IND67 ?,IND67 251016,,
IND67,251016,42,-1,,,,0.2031464979684183,20,1334,1310,,?,IND67 ?,IND67 251016,,
IND67,251016,45,-1,,,,0.7199636422252371,20,1334,1334,,?,IND67 ?,IND67 251016,,
IND67,251016,64,-1,,,,3.165616199869112,20,1334,1334,,?,IND67 ?,IND67 251016,,
IND67,251016,65,-1,,,,0.11341512201849294,20,1334,995,,?,IND67 ?,IND67 251016,,
IND67,251016,69,-1,,,,0.22049234015948188,20,1334,1247,,?,IND67 ?,IND67 251016,,
IND67,251016,84,-1,,,,0.46277817435388985,20,1334,1334,,?,IND67 ?,IND67 251016,,
IND67,251016,220,-1,,,,0.43575868940242535,20,1334,1334,,?,IND67 ?,IND67 251016,,
IND67,251016,233,-1,,,,0.8058033228117828,20,1334,1334,,?,IND67 ?,IND67 251016,,
IND67,251016,234,-1,,,,1.2900414173123091,20,1334,1334,,?,IND67 ?,IND67 251016,,
IND67,251016,236,-1,,,,1.5038622797059973,20,1334,1334,,?,IND67 ?,IND67 251016,,
IND67,251016,239,-1,,,,2.416186864178286,20,1334,1334,,?,IND67 ?,IND67 251016,,
IND67,251016,252,-1,,,,2.04124981374068,20,1334,1299,,?,IND67 ?,IND67 251016,,
IND67,251016,254,-1,,,,0.37827278932050296,20,1334,1334,,?,IND67 ?,IND67 251016,,
IND67,251016,267,-1,,,,0.4487680710457231,20,1334,1332,,?,IND67 ?,IND67 251016,,
IND67,251016,272,-1,,,,8.683039503476603,20,1334,1179,,?,IND67 ?,IND67 251016,,
IND67,251016,285,-1,,,,0.5134814053739221,20,1334,1333,,?,IND67 ?,IND67 251016,,
IND67,251016,287,-1,,,,0.17201293506138096,20,1334,1264,,?,IND67 ?,IND67 251016,,
IND67,251016,289,-1,,,,1.468392256251194,20,1334,1334,,?,IND67 ?,IND67 251016,,
IND67,251016,301,-1,,,,0.6274524838728978,20,1334,1334,,?,IND67 ?,IND67 251016,,
IND67,251016,313,-1,,,,2.2909854647735575,20,1334,1334,,?,IND67 ?,IND67 251016,,
IND67,251016,322,-1,,,,0.14199128511530928,20,1334,1228,,?,IND67 ?,IND67 251016,,
IND67,251016,335,-1,,,,0.25351615510016073,20,1334,1327,,?,IND67 ?,IND67 251016,,
IND67,251016,347,-1,,,,0.1181963477506451,20,1334,1263,,?,IND67 ?,IND67 251016,,
IND67,251016,355,-1,,,,0.19680859409091422,20,1334,1320,,?,IND67 ?,IND67 251016,,
IND67,251016,356,-1,,,,0.21104107999127414,20,1334,1318,,?,IND67 ?,IND67 251016,,
IND67,251016,362,-1,,,,0.4980258152164999,20,1334,1332,,?,IND67 ?,IND67 251016,,
IND67,251016,364,-1,,,,1.808637622306673,20,1334,1334,,?,IND67 ?,IND67 251016,,
IND67,251016,370,-1,,,,1.0831144152766077,20,1334,1334,,?,IND67 ?,IND67 251016,,
IND67,251016,372,-1,,,,0.17612701301695374,20,1334,1105,,?,IND67 ?,IND67 251016,,
IND67,251016,376,-1,,,,0.1414353286348265,20,1334,1275,,?,IND67 ?,IND67 251016,,
IND67,251016,400,-1,,,,0.2303883655120759,20,1334,1318,,?,IND67 ?,IND67 251016,,
IND67,251021,13,-1,,,,0.21392901714059218,21,1307,1295,,?,IND67 ?,IND67 251021,,
IND67,251021,14,-1,,,,0.186404121244212,21,1307,1285,,?,IND67 ?,IND67 251021,,
IND67,251021,15,-1,,,,0.13794330066989005,21,1307,1230,,?,IND67 ?,IND67 251021,,
IND67,251021,19,-1,,,,0.210315710343384,21,1307,1281,,?,IND67 ?,IND67 251021,,
IND67,251021,21,-1,,,,16.697090709899157,21,1307,1307,,?,IND67 ?,IND67 251021,,
IND67,251021,22,-1,,,,0.10499844457769751,21,1307,1239,,?,IND67 ?,IND67 251021,,
IND67,251021,29,-1,,,,13.56722310741154,21,1307,1307,,?,IND67 ?,IND67 251021,,
IND67,251021,34,-1,,,,0.2105282578020433,21,1307,1287,,?,IND67 ?,IND67 251021,,
IND67,251021,35,-1,,,,0.7811119105729523,21,1307,1150,,?,IND67 ?,IND67 251021,,
IND67,251021,40,-1,,,,2.077438860936064,21,1307,1307,,?,IND67 ?,IND67 251021,,
IND67,251021,49,-1,,,,1.15891501833987,21,1307,1307,,?,IND67 ?,IND67 251021,,
IND67,251021,50,-1,,,,0.13666801591793423,21,1307,1147,,?,IND67 ?,IND67 251021,,
IND67,251021,52,-1,,,,1.6789123759498639,21,1307,1063,,?,IND67 ?,IND67 251021,,
IND67,251021,60,-1,,,,0.6679303888368714,21,1307,1307,,?,IND67 ?,IND67 251021,,
IND67,251021,63,-1,,,,1.8469311420200456,21,1307,1307,,?,IND67 ?,IND67 251021,,
IND67,251021,215,-1,,,,3.41840077761763,21,1307,1307,,?,IND67 ?,IND67 251021,,
IND67,251021,245,-1,,,,0.7831311114302156,21,1307,1307,,?,IND67 ?,IND67 251021,,
IND67,251021,273,-1,,,,0.13401117268469287,21,1307,1071,,?,IND67 ?,IND67 251021,,
IND67,251021,275,-1,,,,0.7821746478662488,21,1307,1280,,?,IND67 ?,IND67 251021,,
IND67,251021,277,-1,,,,0.9312766901157524,21,1307,1306,,?,IND67 ?,IND67 251021,,
IND67,251021,281,-1,,,,0.12976022351150676,21,1307,1062,,?,IND67 ?,IND67 251021,,
IND67,251021,305,-1,,,,0.11488190140535529,21,1307,1249,,?,IND67 ?,IND67 251021,,
IND67,251021,311,-1,,,,0.5624005756125255,21,1307,1306,,?,IND67 ?,IND67 251021,,
IND67,251021,319,-1,,,,0.252931475804575,21,1307,1304,,?,IND67 ?,IND67 251021,,
IND67,251021,320,-1,,,,1.0212905388579687,21,1307,1307,,?,IND67 ?,IND67 251021,,
IND67,251021,322,-1,,,,1.4412843171687588,21,1307,1307,,?,IND67 ?,IND67 251021,,
IND67,251021,323,-1,,,,0.10776156154026852,21,1307,948,,?,IND67 ?,IND67 251021,,
IND67,251021,334,-1,,,,2.7411183005997493,21,1307,1307,,?,IND67 ?,IND67 251021,,
IND67,251021,335,-1,,,,0.18215317207102585,21,1307,1201,,?,IND67 ?,IND67 251021,,
IND67,251021,337,-1,,,,1.5655183067551237,21,1307,1307,,?,IND67 ?,IND67 251021,,
IND67,251021,341,-1,,,,0.3592052051342284,21,1307,1307,,?,IND67 ?,IND67 251021,,
LMN146,251107,11,-1,,,,0.14914459922925385,22,1550,1302,,?,LMN146 ?,LMN146 251107,,
LMN146,251107,22,-1,,,,0.37146259490576067,22,1550,1267,,?,LMN146 ?,LMN146 251107,,
LMN146,251107,49,-1,,,,0.20714527670729702,22,1550,1438,,?,LMN146 ?,LMN146 251107,,
LMN146,251107,55,-1,,,,4.702036369351715,22,1550,1550,,?,LMN146 ?,LMN146 251107,,
LMN146,251107,71,-1,,,,1.8454761015741008,22,1550,1550,,?,LMN146 ?,LMN146 251107,,
LMN146,251107,85,-1,,,,0.14860655954949464,22,1550,1509,,?,LMN146 ?,LMN146 251107,,
LMN146,251107,92,-1,,,,0.5325516750256691,22,1550,1550,,?,LMN146 ?,LMN146 251107,,
LMN146,251107,97,-1,,,,0.3287422443328792,22,1550,1549,,?,LMN146 ?,LMN146 251107,,
LMN146,251107,102,-1,,,,0.6123967635019363,22,1550,1550,,?,LMN146 ?,LMN146 251107,,
LMN146,251107,170,-1,,,,4.575489436672347,22,1550,1550,,?,LMN146 ?,LMN146 251107,,
LMN146,251107,173,-1,,,,0.3395030379280634,22,1550,1549,,?,LMN146 ?,LMN146 251107,,
LMN146,251107,174,-1,,,,0.4563652563717645,22,1550,1550,,?,LMN146 ?,LMN146 251107,,
LMN146,251107,177,-1,,,,0.26805136845603994,22,1550,1097,,?,LMN146 ?,LMN146 251107,,
LMN146,251107,179,-1,,,,3.9807403746665138,22,1550,1550,,?,LMN146 ?,LMN146 251107,,
LMN146,251107,198,-1,,,,0.10717750420803525,22,1550,1315,,?,LMN146 ?,LMN146 251107,,
LMN146,251107,202,-1,,,,0.3396106458640153,22,1550,1512,,?,LMN146 ?,LMN146 251107,,
LMN146,251107,216,-1,,,,0.15344891666732755,22,1550,1460,,?,LMN146 ?,LMN146 251107,,
LMN146,251107,218,-1,,,,0.42365244384240436,22,1550,1540,,?,LMN146 ?,LMN146 251107,,
LMN146,251107,223,-1,,,,0.3348758966821342,22,1550,1550,,?,LMN146 ?,LMN146 251107,,
LMN146,251107,237,-1,,,,0.14903699129330203,22,1550,140,,?,LMN146 ?,LMN146 251107,,
LMN146,251107,252,-1,,,,3.0119461272920747,22,1550,1550,,?,LMN146 ?,LMN146 251107,,
LMN146,251107,258,-1,,,,0.2846229905926237,22,1550,1534,,?,LMN146 ?,LMN146 251107,,
LMN146,251107,262,-1,,,,0.7289361581377819,22,1550,1515,,?,LMN146 ?,LMN146 251107,,
LMN146,251107,264,-1,,,,0.8786187970467949,22,1550,1005,,?,LMN146 ?,LMN146 251107,,
LMN146,251107,271,-1,,,,0.19358667677736482,22,1550,1469,,?,LMN146 ?,LMN146 251107,,
LMN146,251107,275,-1,,,,0.48724873398994334,22,1550,899,,?,LMN146 ?,LMN146 251107,,
LMN146,251107,285,-1,,,,0.22683752898648424,22,1550,1538,,?,LMN146 ?,LMN146 251107,,
LMN146,251107,291,-1,,,,0.40837211693724274,22,1550,1535,,?,LMN146 ?,LMN146 251107,,
LMN146,251107,307,-1,,,,0.1348327437476588,22,1550,1491,,?,LMN146 ?,LMN146 251107,,
LMN146,251107,312,-1,,,,0.3413323728392448,22,1550,1459,,?,LMN146 ?,LMN146 251107,,
LMN146,251110,12,-1,,,,0.4788007052025495,23,1286,1277,,?,LMN146 ?,LMN146 251110,,
LMN146,251110,58,-1,,,,1.014367860610113,23,1286,1182,,?,LMN146 ?,LMN146 251110,,
LMN146,251110,66,-1,,,,5.801641258998064,23,1286,1286,,?,LMN146 ?,LMN146 251110,,
LMN146,251110,78,-1,,,,1.2584911085030812,23,1286,1286,,?,LMN146 ?,LMN146 251110,,
LMN146,251110,88,-1,,,,0.20313035089516318,23,1286,1086,,?,LMN146 ?,LMN146 251110,,
LMN146,251110,89,-1,,,,0.4693549146191627,23,1286,1286,,?,LMN146 ?,LMN146 251110,,
LMN146,251110,93,-1,,,,1.1094677133768327,23,1286,1286,,?,LMN146 ?,LMN146 251110,,
LMN146,251110,103,-1,,,,2.926636066870133,23,1286,1239,,?,LMN146 ?,LMN146 251110,,
LMN146,251110,111,-1,,,,4.150186920885153,23,1286,1192,,?,LMN146 ?,LMN146 251110,,
LMN146,251110,141,-1,,,,1.7540741406644635,23,1286,1268,,?,LMN146 ?,LMN146 251110,,
LMN146,251110,142,-1,,,,0.16892375004464588,23,1286,1261,,?,LMN146 ?,LMN146 251110,,
LMN146,251110,146,-1,,,,0.14865656830747612,23,1286,1242,,?,LMN146 ?,LMN146 251110,,
LMN146,251110,188,-1,,,,0.9711740026996742,23,1286,1286,,?,LMN146 ?,LMN146 251110,,
LMN146,251110,193,-1,,,,19.37927742233142,23,1286,1286,,?,LMN146 ?,LMN146 251110,,
LMN146,251110,195,-1,,,,0.2377954852691459,23,1286,837,,?,LMN146 ?,LMN146 251110,,
LMN146,251110,200,-1,,,,0.10592124392050271,23,1286,1122,,?,LMN146 ?,LMN146 251110,,
LMN146,251110,205,-1,,,,1.2972830445882524,23,1286,1286,,?,LMN146 ?,LMN146 251110,,
LMN146,251110,207,-1,,,,0.22082974490092686,23,1286,1273,,?,LMN146 ?,LMN146 251110,,
LMN146,251110,227,-1,,,,0.5037449288790662,23,1286,953,,?,LMN146 ?,LMN146 251110,,
LMN146,251110,235,-1,,,,0.7139366960355963,23,1286,1286,,?,LMN146 ?,LMN146 251110,,
LMN146,251110,239,-1,,,,2.3272410449961884,23,1286,1286,,?,LMN146 ?,LMN146 251110,,
LMN146,251110,241,-1,,,,0.11078169926923576,23,1286,1176,,?,LMN146 ?,LMN146 251110,,
LMN146,251110,265,-1,,,,0.3343626453109549,23,1286,1286,,?,LMN146 ?,LMN146 251110,,
LMN146,251110,271,-1,,,,0.4968669260270855,23,1286,1270,,?,LMN146 ?,LMN146 251110,,
LMN146,251110,277,-1,,,,0.1494819286497138,23,1286,1201,,?,LMN146 ?,LMN146 251110,,
LMN146,251110,281,-1,,,,0.32959389666691497,23,1286,1191,,?,LMN146 ?,LMN146 251110,,
LMN146,251110,283,-1,,,,0.49769228636932317,23,1286,1285,,?,LMN146 ?,LMN146 251110,,
LMN146,251110,287,-1,,,,0.9071627228239073,23,1286,1286,,?,LMN146 ?,LMN146 251110,,
LMN146,251110,291,-1,,,,0.5619786863591694,23,1286,1279,,?,LMN146 ?,LMN146 251110,,
LMN146,251110,307,-1,,,,0.36435073774559074,23,1286,1199,,?,LMN146 ?,LMN146 251110,,
LMN146,251110,324,-1,,,,0.30941842163443817,23,1286,1227,,?,LMN146 ?,LMN146 251110,,
LMN146,251110,342,-1,,,,0.23999644618177976,23,1286,958,,?,LMN146 ?,LMN146 251110,,
LMN146,251110,345,-1,,,,0.2520100244965727,23,1286,1286,,?,LMN146 ?,LMN146 251110,,
LMN146,251110,355,-1,,,,0.3487605979477678,23,1286,1286,,?,LMN146 ?,LMN146 251110,,
LMN146,251110,373,-1,,,,0.16745644276955668,23,1286,820,,?,LMN146 ?,LMN146 251110,,
LMN146,251112,114,-1,,,,0.3992996116165443,24,1417,1417,,?,LMN146 ?,LMN146 251112,,
LMN146,251112,121,-1,,,,0.7516701218006538,24,1417,1416,,?,LMN146 ?,LMN146 251112,,
LMN146,251112,128,-1,,,,0.13140148401081714,24,1417,1209,,?,LMN146 ?,LMN146 251112,,
LMN146,251112,129,-1,,,,0.21846614076356263,24,1417,1400,,?,LMN146 ?,LMN146 251112,,
LMN146,251112,131,-1,,,,0.34003486066472677,24,1417,1417,,?,LMN146 ?,LMN146 251112,,
LMN146,251112,132,-1,,,,0.3612199978827973,24,1417,1414,,?,LMN146 ?,LMN146 251112,,
LMN146,251112,145,-1,,,,0.30427935481144314,24,1417,1364,,?,LMN146 ?,LMN146 251112,,
LMN146,251112,162,-1,,,,0.11128901196834513,24,1417,1279,,?,LMN146 ?,LMN146 251112,,
LMN146,251112,169,-1,,,,0.18744823943583913,24,1417,1273,,?,LMN146 ?,LMN146 251112,,
LMN146,251112,178,-1,,,,0.12594876936819138,24,1417,1386,,?,LMN146 ?,LMN146 251112,,
LMN146,251112,237,-1,,,,0.935274644357265,24,1417,1417,,?,LMN146 ?,LMN146 251112,,
LMN146,251112,245,-1,,,,6.521893656403556,24,1417,1417,,?,LMN146 ?,LMN146 251112,,
LMN146,251112,255,-1,,,,0.5187230011665114,24,1417,965,,?,LMN146 ?,LMN146 251112,,
LMN146,251112,263,-1,,,,0.9990982223053763,24,1417,1417,,?,LMN146 ?,LMN146 251112,,
LMN146,251112,265,-1,,,,0.7924313984733972,24,1417,1417,,?,LMN146 ?,LMN146 251112,,
LMN146,251112,274,-1,,,,0.8733282304664512,24,1417,1376,,?,LMN146 ?,LMN146 251112,,
LMN146,251112,279,-1,,,,0.35880650123770064,24,1417,1414,,?,LMN146 ?,LMN146 251112,,
LMN146,251112,296,-1,,,,3.5511474525834905,24,1417,1417,,?,LMN146 ?,LMN146 251112,,
LMN146,251112,305,-1,,,,2.4778565556325516,24,1417,1197,,?,LMN146 ?,LMN146 251112,,
LMN146,251112,307,-1,,,,2.2161262527865158,24,1417,1417,,?,LMN146 ?,LMN146 251112,,
LMN146,251114,18,-1,,,,0.24106986252392443,25,1512,834,,?,LMN146 ?,LMN146 251114,,
LMN146,251114,32,-1,,,,1.5079817868840761,25,1512,1475,,?,LMN146 ?,LMN146 251114,,
LMN146,251114,66,-1,,,,0.10559757946517176,25,1512,939,,?,LMN146 ?,LMN146 251114,,
LMN146,251114,84,-1,,,,1.877012085031373,25,1512,1512,,?,LMN146 ?,LMN146 251114,,
LMN146,251114,86,-1,,,,27.514429323540057,25,1512,1512,,?,LMN146 ?,LMN146 251114,,
LMN146,251114,95,-1,,,,0.5373129493146066,25,1512,1481,,?,LMN146 ?,LMN146 251114,,
LMN146,251114,96,-1,,,,0.3368243315565291,25,1512,1498,,?,LMN146 ?,LMN146 251114,,
LMN146,251114,97,-1,,,,0.6178710373285112,25,1512,1512,,?,LMN146 ?,LMN146 251114,,
LMN146,251114,100,-1,,,,6.238805152768153,25,1512,1512,,?,LMN146 ?,LMN146 251114,,
LMN146,251114,106,-1,,,,0.5368812339447572,25,1512,1512,,?,LMN146 ?,LMN146 251114,,
LMN146,251114,108,-1,,,,1.6413818361675514,25,1512,1499,,?,LMN146 ?,LMN146 251114,,
LMN146,251114,137,-1,,,,0.2045467422346622,25,1512,935,,?,LMN146 ?,LMN146 251114,,
LMN146,251114,146,-1,,,,0.3525387710190485,25,1512,1485,,?,LMN146 ?,LMN146 251114,,
LMN146,251114,147,-1,,,,0.20635994678802988,25,1512,984,,?,LMN146 ?,LMN146 251114,,
LMN146,251114,149,-1,,,,0.13702645839021063,25,1512,1406,,?,LMN146 ?,LMN146 251114,,
LMN146,251114,157,-1,,,,0.24728656384975628,25,1512,1512,,?,LMN146 ?,LMN146 251114,,
LMN146,251114,158,-1,,,,0.2517764036961904,25,1512,1512,,?,LMN146 ?,LMN146 251114,,
LMN146,251114,161,-1,,,,6.764461787096824,25,1512,1512,,?,LMN146 ?,LMN146 251114,,
LMN146,251114,166,-1,,,,2.6458971587332165,25,1512,1512,,?,LMN146 ?,LMN146 251114,,
LMN146,251114,175,-1,,,,0.340709769885174,25,1512,1499,,?,LMN146 ?,LMN146 251114,,
LMN146,251114,191,-1,,,,0.6293546661665061,25,1512,1491,,?,LMN146 ?,LMN146 251114,,
LMN146,251114,194,-1,,,,0.27793835510906617,25,1512,1489,,?,LMN146 ?,LMN146 251114,,
LMN146,251114,196,-1,,,,5.345413366401733,25,1512,1512,,?,LMN146 ?,LMN146 251114,,
LMN146,251114,211,-1,,,,0.46530282562372094,25,1512,1512,,?,LMN146 ?,LMN146 251114,,
LMN146,251114,217,-1,,,,1.7269478224717094,25,1512,1512,,?,LMN146 ?,LMN146 251114,,
LMN146,251114,223,-1,,,,0.4119428059103308,25,1512,1512,,?,LMN146 ?,LMN146 251114,,
LMN146,251114,225,-1,,,,1.28348979456237,25,1512,1512,,?,LMN146 ?,LMN146 251114,,
LMN146,251114,248,-1,,,,1.346779267782297,25,1512,1512,,?,LMN146 ?,LMN146 251114,,
LMN146,251114,253,-1,,,,0.8337287222532287,25,1512,1512,,?,LMN146 ?,LMN146 251114,,
LMN146,251114,262,-1,,,,0.19643049328149287,25,1512,1408,,?,LMN146 ?,LMN146 251114,,
LMN146,251114,275,-1,,,,0.2142171665192896,25,1512,1481,,?,LMN146 ?,LMN146 251114,,
LMN146,251114,278,-1,,,,0.10758347016647916,25,1512,1350,,?,LMN146 ?,LMN146 251114,,
LMN146,251114,281,-1,,,,4.889262906618819,25,1512,1512,,?,LMN146 ?,LMN146 251114,,
LMN146,251114,296,-1,,,,0.4701380377660346,25,1512,1511,,?,LMN146 ?,LMN146 251114,,
LMN146,251114,301,-1,,,,0.4892198571133796,25,1512,1512,,?,LMN146 ?,LMN146 251114,,
LMN146,251114,308,-1,,,,0.589809538288298,25,1512,1453,,?,LMN146 ?,LMN146 251114,,
LMN146,251114,316,-1,,,,0.11069182082939512,25,1512,1279,,?,LMN146 ?,LMN146 251114,,
LMN146,251114,325,-1,,,,4.118478285289639,25,1512,1512,,?,LMN146 ?,LMN146 251114,,
LMN146,251117,35,-1,,,,0.570014530921934,26,1325,886,,?,LMN146 ?,LMN146 251117,,
LMN146,251117,36,-1,,,,3.268665159850394,26,1325,1325,,?,LMN146 ?,LMN146 251117,,
LMN146,251117,46,-1,,,,0.2689499213834129,26,1325,1312,,?,LMN146 ?,LMN146 251117,,
LMN146,251117,50,-1,,,,16.165042675562404,26,1325,1325,,?,LMN146 ?,LMN146 251117,,
LMN146,251117,52,-1,,,,1.5382850890971889,26,1325,1325,,?,LMN146 ?,LMN146 251117,,
LMN146,251117,72,-1,,,,0.8159164439196227,26,1325,1112,,?,LMN146 ?,LMN146 251117,,
LMN146,251117,77,-1,,,,27.21317328351921,26,1325,1325,,?,LMN146 ?,LMN146 251117,,
LMN146,251117,111,-1,,,,0.16260708857428147,26,1325,1281,,?,LMN146 ?,LMN146 251117,,
LMN146,251117,113,-1,,,,0.2014158674002433,26,1325,1312,,?,LMN146 ?,LMN146 251117,,
LMN146,251117,216,-1,,,,0.5859447720120667,26,1325,1325,,?,LMN146 ?,LMN146 251117,,
LMN146,251117,217,-1,,,,2.2454861111091495,26,1325,1325,,?,LMN146 ?,LMN146 251117,,
LMN146,251117,227,-1,,,,0.7195723794542981,26,1325,1325,,?,LMN146 ?,LMN146 251117,,
LMN146,251117,231,-1,,,,6.795942531440605,26,1325,1325,,?,LMN146 ?,LMN146 251117,,
LMN146,251117,247,-1,,,,2.4555449816540396,26,1325,1325,,?,LMN146 ?,LMN146 251117,,
LMN146,251117,255,-1,,,,2.66933220649662,26,1325,1325,,?,LMN146 ?,LMN146 251117,,
LMN146,251117,267,-1,,,,1.1362159722212297,26,1325,1325,,?,LMN146 ?,LMN146 251117,,
LMN146,251117,273,-1,,,,0.3455506551359665,26,1325,1325,,?,LMN146 ?,LMN146 251117,,
LMN146,251117,275,-1,,,,0.37537748951749184,26,1325,1253,,?,LMN146 ?,LMN146 251117,,
LMN146,251117,279,-1,,,,1.9496750917173744,26,1325,1325,,?,LMN146 ?,LMN146 251117,,
LMN146,251117,283,-1,,,,1.216545060271474,26,1325,1325,,?,LMN146 ?,LMN146 251117,,
LMN146,251117,307,-1,,,,0.12295095649884437,26,1325,1325,,?,LMN146 ?,LMN146 251117,,
LMN146,251119,26,-1,,,,33.92042009834592,27,1529,1522,,?,LMN146 ?,LMN146 251119,,
LMN146,251119,43,-1,,,,0.2101937585377288,27,1529,1500,,?,LMN146 ?,LMN146 251119,,
LMN146,251119,53,-1,,,,0.6696160803985597,27,1529,1529,,?,LMN146 ?,LMN146 251119,,
LMN146,251119,64,-1,,,,1.144635818970671,27,1529,1367,,?,LMN146 ?,LMN146 251119,,
LMN146,251119,67,-1,,,,0.5298170120974555,27,1529,387,,?,LMN146 ?,LMN146 251119,,
LMN146,251119,145,-1,,,,1.2959060032657854,27,1529,1529,,?,LMN146 ?,LMN146 251119,,
LMN146,251119,150,-1,,,,1.8820057571468023,27,1529,1191,,?,LMN146 ?,LMN146 251119,,
LMN146,251119,160,-1,,,,1.4444528290875018,27,1529,1529,,?,LMN146 ?,LMN146 251119,,
LMN146,251119,180,-1,,,,16.09183006322351,27,1529,1475,,?,LMN146 ?,LMN146 251119,,
LMN146,251119,192,-1,,,,0.10555077234776411,27,1529,1398,,?,LMN146 ?,LMN146 251119,,
LMN146,251119,196,-1,,,,0.14615357140569996,27,1529,1513,,?,LMN146 ?,LMN146 251119,,
LMN146,251119,205,-1,,,,0.1717366358527733,27,1529,1112,,?,LMN146 ?,LMN146 251119,,
LMN146,251119,209,-1,,,,0.20804808216474846,27,1529,969,,?,LMN146 ?,LMN146 251119,,
LMN146,251119,244,-1,,,,0.14070685445890366,27,1529,1320,,?,LMN146 ?,LMN146 251119,,
LMN146,251121,23,-1,,,,0.6368311792100491,28,1534,1534,,?,LMN146 ?,LMN146 251121,,
LMN146,251121,26,-1,,,,0.4162131741006083,28,1534,1534,,?,LMN146 ?,LMN146 251121,,
LMN146,251121,42,-1,,,,13.803764135191598,28,1534,1534,,?,LMN146 ?,LMN146 251121,,
LMN146,251121,46,-1,,,,0.20827340595775934,28,1534,1392,,?,LMN146 ?,LMN146 251121,,
LMN146,251121,56,-1,,,,0.35582472960184275,28,1534,1534,,?,LMN146 ?,LMN146 251121,,
LMN146,251121,60,-1,,,,9.517685945946337,28,1534,1534,,?,LMN146 ?,LMN146 251121,,
LMN146,251121,63,-1,,,,2.2859194888579704,28,1534,1534,,?,LMN146 ?,LMN146 251121,,
LMN146,251121,68,-1,,,,0.1450490400322561,28,1534,1531,,?,LMN146 ?,LMN146 251121,,
LMN146,251121,75,-1,,,,0.3868530463885013,28,1534,1534,,?,LMN146 ?,LMN146 251121,,
LMN146,251121,78,-1,,,,0.707395577063579,28,1534,1534,,?,LMN146 ?,LMN146 251121,,
LMN146,251121,81,-1,,,,1.6791991224435765,28,1534,1349,,?,LMN146 ?,LMN146 251121,,
LMN146,251121,90,-1,,,,0.30369382102210724,28,1534,1534,,?,LMN146 ?,LMN146 251121,,
LMN146,251121,92,-1,,,,1.4170432093778027,28,1534,1534,,?,LMN146 ?,LMN146 251121,,
LMN146,251121,95,-1,,,,31.279963108554675,28,1534,1534,,?,LMN146 ?,LMN146 251121,,
LMN146,251121,167,-1,,,,0.9591253084134059,28,1534,1534,,?,LMN146 ?,LMN146 251121,,
LMN146,251121,172,-1,,,,31.75631449879287,28,1534,1534,,?,LMN146 ?,LMN146 251121,,
LMN146,251121,175,-1,,,,0.7522698631690153,28,1534,1534,,?,LMN146 ?,LMN146 251121,,
LMN146,251121,178,-1,,,,0.2684116220953422,28,1534,1528,,?,LMN146 ?,LMN146 251121,,
LMN146,251121,179,-1,,,,0.40245061423555817,28,1534,1534,,?,LMN146 ?,LMN146 251121,,
LMN146,251121,180,-1,,,,0.3288000665941078,28,1534,1524,,?,LMN146 ?,LMN146 251121,,
LMN146,251121,181,-1,,,,2.9080706042119657,28,1534,1529,,?,LMN146 ?,LMN146 251121,,
LMN146,251121,185,-1,,,,4.552905031719781,28,1534,1534,,?,LMN146 ?,LMN146 251121,,
LMN146,251121,186,-1,,,,35.29954809314034,28,1534,1534,,?,LMN146 ?,LMN146 251121,,
LMN146,251121,200,-1,,,,0.5615124424940472,28,1534,1534,,?,LMN146 ?,LMN146 251121,,
LMN146,251121,201,-1,,,,0.9775587976872003,28,1534,1534,,?,LMN146 ?,LMN146 251121,,
LMN146,251121,202,-1,,,,1.4831034967300434,28,1534,1534,,?,LMN146 ?,LMN146 251121,,
LMN146,251121,203,-1,,,,1.143793838966261,28,1534,1534,,?,LMN146 ?,LMN146 251121,,
LMN146,251121,204,-1,,,,0.7991459761639136,28,1534,1534,,?,LMN146 ?,LMN146 251121,,
LMN146,251121,210,-1,,,,4.1715570092773,28,1534,1534,,?,LMN146 ?,LMN146 251121,,
LMN146,251121,212,-1,,,,8.525447084403083,28,1534,1534,,?,LMN146 ?,LMN146 251121,,
LMN146,251121,214,-1,,,,2.2308692493977698,28,1534,1534,,?,LMN146 ?,LMN146 251121,,
LMN146,251121,215,-1,,,,1.1885847156179696,28,1534,1534,,?,LMN146 ?,LMN146 251121,,
LMN146,251121,218,-1,,,,1.733915724088867,28,1534,1534,,?,LMN146 ?,LMN146 251121,,
LMN146,251121,234,-1,,,,0.18516898727522055,28,1534,1466,,?,LMN146 ?,LMN146 251121,,
LMN146,251121,236,-1,,,,0.6655240312923355,28,1534,1534,,?,LMN146 ?,LMN146 251121,,
LMN146,251121,240,-1,,,,0.4177145442677047,28,1534,1529,,?,LMN146 ?,LMN146 251121,,
LMN146,251121,244,-1,,,,0.21527980007087577,28,1534,1331,,?,LMN146 ?,LMN146 251121,,
LMN146,251121,248,-1,,,,0.25798544037939514,28,1534,1534,,?,LMN146 ?,LMN146 251121,,
LMN146,251121,259,-1,,,,0.2762521107457344,28,1534,1522,,?,LMN146 ?,LMN146 251121,,
LMN146,251121,261,-1,,,,0.12561463731373068,28,1534,1416,,?,LMN146 ?,LMN146 251121,,
LMN146,251121,265,-1,,,,0.34247921700543044,28,1534,1474,,?,LMN146 ?,LMN146 251121,,
LMN146,251121,276,-1,,,,6.949508865674246,28,1534,1534,,?,LMN146 ?,LMN146 251121,,
LMN146,251121,277,-1,,,,0.3192079794154365,28,1534,1497,,?,LMN146 ?,LMN146 251121,,
